QUEST_LV_0500_20190509_000001	誰かがしなければならないことならば、他の人にしてほしいですよ。{nl}どうして私にこんなことをさせるのでしょうか。	누군가는 해야 할 일이면 다른 사람이 했으면 좋겠어요.{nl}왜 저한태 이런 걸 시키는 걸까요.				케도라 상단원 이네타
QUEST_LV_0500_20190509_000002	モンスターと魔族がいっぱいで…{nl}少なくとも強盗に遭う心配は無さそうだな。{nl}生きて帰れるなら、の話だけど。	몬스터와 마족들이 득실거리니..{nl}적어도 강도를 만날 걱정은 안 해도 되겠어.{nl}살아서 돌아갈 수 있다면 말이지.				케도라 상단원 타다스
QUEST_LV_0500_20190509_000003	偵察するのに数日、報告するのにまた数日！{nl}この調子じゃあ、いつになったら仕事が終わるんだ？	정찰하는 데 며칠, 보고하는 데 또 며칠!{nl}이러면 일은 언제 끝낼 생각인 거지?				바바리안 볼케
QUEST_LV_0500_20190509_000004	私はタダス様を手伝いに来たのであって{nl}ボルケ様が起こしたトラブルの後始末をしに来たわけじゃありません。	전 타다스님을 도우러 온 것이지.{nl}볼케님이 사고 치는 걸 처리하러 온 게 아닙니다.				케도라 상단원 니르기
QUEST_LV_0500_20190509_000005	カルタスの目を欺いて神樹の種を奪われずに済みました。{nl}この拘束を解けば、種の能力で力を回復できるはずです。	카르타스의 눈을 속여 신수의 씨앗을 빼앗기지 않았어요.{nl}이 속박을 풀어낸다면 씨앗의 능력으로 힘을 다시 회복할 수 있을 거예요.				여신 메데이나
QUEST_LV_0500_20190509_000006	カルタスがこの森に巨大な結界を張ってまで私を追う理由は何でしょうか…{nl}本当にこの種の存在を知っているのでしょうか？	카르타스가 이 숲에 거대한 결계를 펼치면서까지 저를 쫓는 이유가 무엇일까요..{nl}정말 이 씨앗의 존재를 알고 있는 걸까요?				여신 메데이나
QUEST_LV_0500_20190509_000007	私は体が回復し次第、ネリンガ様を訪ねてみるつもりです。{nl}ネリンガ様ならば、きっとカルタスからメデイナ様を救う方法をご存知のはずです。	저는 몸을 추스리는대로 네링가님을 찾아가 보려 해요.{nl}네링가님이라면 분명 카르타스로부터 메데이나님을 구할 방법을 알고 계실 거에요.				큐폴 아스트라
QUEST_LV_0500_20190509_000008	ああ！啓示者様！この森には邪悪な結界が張られているので、入ってはいけません！{nl}すぐに出てください！	아! 계시자님! 이 숲에는 사악한 결계가 펼쳐져 있어서 들어오시면 위험해요!{nl}어서 벗어나세요!				큐폴 아스트라
QUEST_LV_0500_20190509_000009	カルタスが森一帯に張った結界のせいで、今のメデイナ様の力では{nl}ここから出ることができません。{nl}メデイナ様が早く回復してくださるといいのですが…。	카르타스가 숲 일대에 펼친 결계 때문에 지금 메데이나님의 힘으로는 이곳을 벗어날 수 없어요.{nl}메데이나님이 어서 기운을 차리시고 회복하셔야 할 텐데..				큐폴 일로나
QUEST_LV_0500_20190509_000010	カルタスがここを発見したら大変です。{nl}メデイナ様が回復できるように、あなたの力をお貸しください。	카르타스가 이곳을 발견하면 큰일이에요.{nl}메데이나님이 회복할 수 있도록 계시자님께서 도와주세요.				큐폴 일로나
QUEST_LV_0500_20190509_000011	束縛の結界にかかりはしましたが…それでもイローナが無事で何よりです。{nl}啓示者様、結界を解除する方法が無いか、調べていただけませんか？	속박의 결계에 걸리긴 했지만.. 그래도 일로나가 무사해서 다행이에요.{nl}계시자님. 결계를 해제할만한 방법이 있을지 찾아봐 주세요.				큐폴 율리아
QUEST_LV_0500_20190509_000012	さあ、イローナと一緒にメデイナ様を探しに行ってください。	어서 일로나와 함께 메데이나님을 찾으러 가 봐요.				큐폴 율리아
QUEST_LV_0500_20190509_000013	メデイナ様の痕跡はこの先で途絶えているので、{nl}この中庭を確認してみてはいかがでしょうか？	메데이나님의 흔적이 이 앞에서 끊겼으니 이 안뜰 안쪽을 확인해보는 게 어떨까요?				큐폴 율리아
QUEST_LV_0500_20190509_000014	メデイナ様がご無事で何よりです！{nl}それよりも、メデイナ様にかけられた魔界移動の魔法陣を破棄しないと…	메데이나님이 무사하셔서 다행이에요!{nl}그보다 메데이나님에게 펼쳐진 마계 이동 마법진을 파훼해야 할텐데..				큐폴 율리아
QUEST_LV_0500_20190509_000015	啓示者様！メデイナ様にかけられた魔界移動の魔法陣を消してください。{nl}カルタスがいない今がチャンスです。	계시자님! 메데이나님에게 펼쳐진 마계 이동 마법진을 없애주세요.{nl}카르타스가 없는 지금이 기회에요.				큐폴 일로나
QUEST_LV_0500_20190509_000016	啓示者様のおかげでメデイナ様が結界から解き放たれました。{nl}すぐにここから離れないと…	계시자님 덕분에 메데이나님이 결계를 풀어낼 수 있었네요.{nl}어서 이곳을 벗어나야 할 텐데..				큐폴 일로나
QUEST_LV_0500_20190509_000017	補助魔法陣に魔力を過剰に注入したのが効きましたね。	보조 마법진에 마력을 과부하 되게 주입하는 게 효과가 있었네요.				큐폴 율리아
QUEST_LV_0500_20190509_000018	ああ…私たちのせいでメデイナ様が…	아.. 저희 때문에 메데이나님이..				큐폴 율리아
QUEST_LV_0500_20190509_000019	メデイナ様…	메데이나님..				큐폴 일로나
QUEST_LV_0500_20190509_000020	私が遅すぎたのですね…	제가 너무 늦었어요..				큐폴 아스트라
QUEST_LV_0500_20190509_000021	メデイナ様はカルタスに捕らわれてしまいましたが…{nl}私たちは啓示者様がメデイナ様をお探しするのを積極的に手伝ってくださったことを忘れません。{nl}	비록 메데이나님이 카르타스에게 붙잡혀 가셨지만..{nl}저희는 계시자님께서 메데이나님을 찾는 일에 적극적으로 도와주신 것을 기억하고 있어요.{nl}				큐폴 아스트라
QUEST_LV_0500_20200227_000022	あなたがギルティネに立ち向かう準備ができたら、その時にまた私の元へ来てください。{nl}	당신이 길티네에게 맞설 준비가 된다면 그때 저를 다시 찾아오십시오.{nl}				여신 라이마
QUEST_LV_0500_20200227_000023	魔神ラガナと魔王ヴァイガにここで会うことになるとは、まったく予想できませんでした。	마신 라가나와 마왕 바이가를 여기서 마주칠 거라고는 전혀 예상하지 못했습니다.				여신 아우스테야
QUEST_LV_0500_20200227_000024	ヴァイガと話す時は気をつけた方がいいと思います。	바이가와 이야기할 때는 조심하시는 게 좋겠어요.				여신 아우스테야
QUEST_LV_0500_20200227_000025	まずは啓示者様がヴァイガを相手している間、私一人でもここで神樹の根を探してみます。	일단은 계시자님이 바이가를 상대하는 동안 저 혼자서라도 이곳에서 신수의 뿌리를 찾아볼게요.				여신 아우스테야
QUEST_LV_0500_20200227_000026	そしてヴァイガに気をつけてください。{nl}彼を完全に信じてはいけません。	그리고 바이가를 조심하세요.{nl}그를 온전히 믿어서는 안 됩니다.				여신 아우스테야
QUEST_LV_0500_20200227_000027	ご無事でしたか。{nl}この地域をすべて確認してみましたが…神樹の根は見つかりませんでした。	무사하셨군요.{nl}이 지역을 모두 확인해 봤지만.. 신수의 뿌리는 찾을 수 없었어요.				여신 아우스테야
QUEST_LV_0500_20200227_000028	メデイナ様の状態が非常に危険です。{nl}これまでカルタスからどれほどおぞましい苦痛を受けたのか、想像さえできません。	메데이나님의 상태가 많이 위독해요.{nl}그동안 카르타스에게 얼마나 끔찍한 고통을 받았는지 감히 상상도 할 수 없을 것 같아요.				큐폴
QUEST_LV_0500_20200227_000029	カルタスを許すことは絶対にできません…{nl}彼は必ず悲惨な最期を迎えることになるでしょう。	카르타스를 절대 용서할 수 없어요..{nl}그는 반드시 비참한 최후를 맞이하게 될 겁니다.				큐폴
QUEST_LV_0500_20200227_000030	ヌカウォリアー、ヌオアサシンを退治	누카 전사, 누오 암살자 처치				
QUEST_LV_0500_20200227_000031	クラペダ依頼所の受付係ラムダの依頼で、{nl}トビルトゥマスの要塞でヌカウォリアー、ヌオアサシンを退治してください。	클라페다 의뢰소의 접수원 람다의 의뢰로{nl}트비르투마스 요새에서 누카 전사, 누오 암살자 처치를 수행해야 합니다.				
QUEST_LV_0500_20200227_000032	アクラスペタルウォリアーを退治	아클라스 페탈 전사 처치				
QUEST_LV_0500_20200227_000033	クラペダ依頼所の受付係ラムダの依頼で、{nl}トビルトゥマスの要塞でアクラスペタルウォリアーを退治してください。	클라페다 의뢰소의 접수원 람다의 의뢰로{nl}트비르투마스 요새에서 아클라스 페탈 전사 처치를 수행해야 합니다.				
QUEST_LV_0500_20200227_000034	リビングアーマーを退治	리빙 아머 처치				
QUEST_LV_0500_20200227_000035	クラペダ依頼所の受付係ラムダの依頼で、{nl}トビルトゥマスの要塞でリビングアーマーを退治してください。	클라페다 의뢰소의 접수원 람다의 의뢰로{nl}트비르투마스 요새에서 리빙 아머 처치를 수행해야 합니다.				
QUEST_LV_0500_20200227_000036	イルガランカを退治	일가란카 처치				
QUEST_LV_0500_20200227_000037	クラペダ依頼所の受付係ラムダの依頼で、{nl}トビルトゥマスの要塞でイルガランカを退治してください。	클라페다 의뢰소의 접수원 람다의 의뢰로{nl}트비르투마스 요새에서 일가란카 처치를 수행해야 합니다.				
QUEST_LV_0500_20200227_000038	ブロガーズゴブリンライダー、ネッコを退治	블로거즈 고블린 라이더, 넥코 처치				
QUEST_LV_0500_20200227_000039	クラペダ依頼所の受付係ラムダの依頼で、{nl}スカルダ外郭でブロガーズゴブリンライダー、ネッコを退治してください。	클라페다 의뢰소의 접수원 람다의 의뢰로{nl}스칼다 외곽에서 블로거즈 고블린 라이더, 넥코 처치를 수행해야 합니다.				
QUEST_LV_0500_20200227_000040	グレーウルフを退治	그레이 울프 처치				
QUEST_LV_0500_20200227_000041	クラペダ依頼所の受付係ラムダの依頼で、{nl}スカルダ外郭でグレーウルフを退治してください。	클라페다 의뢰소의 접수원 람다의 의뢰로{nl}스칼다 외곽에서 그레이 울프 처치를 수행해야 합니다.				
QUEST_LV_0500_20200227_000042	ブロガーズゴブリンアーチャーを退治	블로거즈 고블린 궁수 처치				
QUEST_LV_0500_20200227_000043	クラペダ依頼所の受付係ラムダの依頼で、{nl}スカルダ外郭でブロガーズゴブリンアーチャーを退治してください。	클라페다 의뢰소의 접수원 람다의 의뢰로{nl}스칼다 외곽에서 블로거즈 고블린 궁수 처치를 수행해야 합니다.				
QUEST_LV_0500_20200227_000044	グレーウルフチーフを退治	그레이 울프 치프 처치				
QUEST_LV_0500_20200227_000045	クラペダ依頼所の受付係ラムダの依頼で、{nl}スカルダ外郭でグレーウルフチーフを退治してください。	클라페다 의뢰소의 접수원 람다의 의뢰로{nl}스칼다 외곽에서 그레이 울프 치프 처치를 수행해야 합니다.				
QUEST_LV_0500_20200227_000046	ダブルアックスオークを退治	오크 살수병 처치				
QUEST_LV_0500_20200227_000047	クラペダ依頼所の受付係ラムダの依頼で、{nl}リンクスマスの廃墟でダブルアックスオークを退治してください。	클라페다 의뢰소의 접수원 람다의 의뢰로{nl}링크스마스 폐허에서 오크 살수병 처치를 수행해야 합니다.				
QUEST_LV_0500_20200227_000048	オークシャーマンを退治	오크 주술사 처치				
QUEST_LV_0500_20200227_000049	クラペダ依頼所の受付係ラムダの依頼で、{nl}リンクスマスの廃墟でオークシャーマンを退治してください。	클라페다 의뢰소의 접수원 람다의 의뢰로{nl}링크스마스 폐허에서 오크 주술사 처치를 수행해야 합니다.				
QUEST_LV_0500_20200227_000050	オーク盾兵を退治	오크 방패병 처치				
QUEST_LV_0500_20200227_000051	クラペダ依頼所の受付係ラムダの依頼で、{nl}リンクスマスの廃墟でオーク盾兵を退治してください。	클라페다 의뢰소의 접수원 람다의 의뢰로{nl}링크스마스 폐허에서 오크 방패병 처치를 수행해야 합니다.				
QUEST_LV_0500_20200227_000052	オークリーダーを退治	오크 리더 처치				
QUEST_LV_0500_20200227_000053	クラペダ依頼所の受付係ラムダの依頼で、{nl}リンクスマスの廃墟でオークリーダーを退治してください。	클라페다 의뢰소의 접수원 람다의 의뢰로{nl}링크스마스 폐허에서 오크 리더 처치를 수행해야 합니다.				
QUEST_LV_0500_20200227_000054	リンクスマスの廃墟のモンスター退治	링크스마스 폐허의 몬스터 처치				
QUEST_LV_0500_20200227_000055	クラペダ依頼所の受付係ラムダの依頼で、{nl}リンクスマスの廃墟で十分な数のモンスター退治を遂行してください。	클라페다 의뢰소의 접수원 람다의 의뢰로{nl}링크스마스 폐허에서 충분한 수의 몬스터 처치를 수행해야 합니다.				
QUEST_LV_0500_20200227_000056	オークキャノン兵を退治	오크 캐논병 처치				
QUEST_LV_0500_20200227_000057	クラペダ依頼所の受付係ラムダの依頼で、{nl}終焉の道でオークキャノン兵を退治してください。	클라페다 의뢰소의 접수원 람다의 의뢰로{nl}종언의 길에서 오크 캐논병 처치를 수행해야 합니다.				
QUEST_LV_0500_20200227_000058	オーク旗兵を退治	오크 깃발병 처치				
QUEST_LV_0500_20200227_000059	クラペダ依頼所の受付係ラムダの依頼で、{nl}終焉の道でオーク旗兵を退治してください。	클라페다 의뢰소의 접수원 람다의 의뢰로{nl}종언의 길에서 오크 깃발병 처치를 수행해야 합니다.				
QUEST_LV_0500_20200227_000060	オーク隊長を退治	오크 대장 처치				
QUEST_LV_0500_20200227_000061	クラペダ依頼所の受付係ラムダの依頼で、{nl}終焉の道でオーク隊長を退治してください。	클라페다 의뢰소의 접수원 람다의 의뢰로{nl}종언의 길에서 오크 대장 처치를 수행해야 합니다.				
QUEST_LV_0500_20200227_000062	終焉の道のモンスターを退治	종언의 길의 몬스터 처치				
QUEST_LV_0500_20200227_000063	クラペダ依頼所の受付係ラムダの依頼で、{nl}終焉の道で十分な数のモンスター退治を遂行してください。	클라페다 의뢰소의 접수원 람다의 의뢰로{nl}종언의 길에서 충분한 수의 몬스터 처치를 수행해야 합니다.				
QUEST_LV_0500_20200227_000064	クラペダ依頼所の受付係ラムダの依頼で、トビルトゥマスの要塞でヌカウォリアー、ヌオアサシンを退治してください。	클라페다 의뢰소의 접수원 람다의 의뢰로 트비르투마스 요새에서 누카 전사, 누오 암살자 처치를 수행해야 합니다.				
QUEST_LV_0500_20200227_000065	クラペダ依頼所の受付係ラムダの依頼で、トビルトゥマスの要塞でアクラスペタルウォリアーを退治してください。	클라페다 의뢰소의 접수원 람다의 의뢰로 트비르투마스 요새에서 아클라스 페탈 전사 처치를 수행해야 합니다.				
QUEST_LV_0500_20200227_000066	クラペダ依頼所の受付係ラムダの依頼で、トビルトゥマスの要塞でリビングアーマーを退治してください。	클라페다 의뢰소의 접수원 람다의 의뢰로 트비르투마스 요새에서 리빙 아머 처치를 수행해야 합니다.				
QUEST_LV_0500_20200227_000067	クラペダ依頼所の受付係ラムダの依頼で、トビルトゥマスの要塞でイルガランカを退治してください。	클라페다 의뢰소의 접수원 람다의 의뢰로 트비르투마스 요새에서 일가란카 처치를 수행해야 합니다.				
QUEST_LV_0500_20200227_000068	クラペダ依頼所の受付係ラムダの依頼で、スカルダ外郭でブロガーズゴブリンライダー、ネッコを退治してください。	클라페다 의뢰소의 접수원 람다의 의뢰로 스칼다 외곽에서 블로거즈 고블린 라이더, 넥코 처치를 수행해야 합니다.				
QUEST_LV_0500_20200227_000069	クラペダ依頼所の受付係ラムダの依頼で、スカルダ外郭でグレーウルフを退治してください。	클라페다 의뢰소의 접수원 람다의 의뢰로 스칼다 외곽에서 그레이 울프 처치를 수행해야 합니다.				
QUEST_LV_0500_20200227_000070	クラペダ依頼所の受付係ラムダの依頼で、スカルダ外郭でブロガーズゴブリンアーチャーを退治してください。	클라페다 의뢰소의 접수원 람다의 의뢰로 스칼다 외곽에서 블로거즈 고블린 궁수 처치를 수행해야 합니다.				
QUEST_LV_0500_20200227_000071	クラペダ依頼所の受付係ラムダの依頼で、スカルダ外郭でグレーウルフチーフを退治してください。	클라페다 의뢰소의 접수원 람다의 의뢰로 스칼다 외곽에서 그레이 울프 치프 처치를 수행해야 합니다.				
QUEST_LV_0500_20200227_000072	クラペダ依頼所の受付係ラムダの依頼で、リンクスマスの廃墟でダブルアックスオークを退治してください。	클라페다 의뢰소의 접수원 람다의 의뢰로 링크스마스 폐허에서 오크 살수병 처치를 수행해야 합니다.				
QUEST_LV_0500_20200227_000073	クラペダ依頼所の受付係ラムダの依頼で、リンクスマスの廃墟でオークシャーマンを退治してください。	클라페다 의뢰소의 접수원 람다의 의뢰로 링크스마스 폐허에서 오크 주술사 처치를 수행해야 합니다.				
QUEST_LV_0500_20200227_000074	クラペダ依頼所の受付係ラムダの依頼で、リンクスマスの廃墟でオーク盾兵を退治してください。	클라페다 의뢰소의 접수원 람다의 의뢰로 링크스마스 폐허에서 오크 방패병 처치를 수행해야 합니다.				
QUEST_LV_0500_20200227_000075	クラペダ依頼所の受付係ラムダの依頼で、リンクスマスの廃墟でオークリーダーを退治してください。	클라페다 의뢰소의 접수원 람다의 의뢰로 링크스마스 폐허에서 오크 리더 처치를 수행해야 합니다.				
QUEST_LV_0500_20200227_000076	クラペダ依頼所の受付係ラムダの依頼で、リンクスマスの廃墟で十分な数のモンスター退治を遂行してください。	클라페다 의뢰소의 접수원 람다의 의뢰로 링크스마스 폐허에서 충분한 수의 몬스터 처치를 수행해야 합니다.				
QUEST_LV_0500_20200227_000077	クラペダ依頼所の受付係ラムダの依頼で、終焉の道でオークキャノン兵を退治してください。	클라페다 의뢰소의 접수원 람다의 의뢰로 종언의 길에서 오크 캐논병 처치를 수행해야 합니다.				
QUEST_LV_0500_20200227_000078	クラペダ依頼所の受付係ラムダの依頼で、終焉の道でオーク旗兵を退治してください。	클라페다 의뢰소의 접수원 람다의 의뢰로 종언의 길에서 오크 깃발병 처치를 수행해야 합니다.				
QUEST_LV_0500_20200227_000079	クラペダ依頼所の受付係ラムダの依頼で、終焉の道でオーク隊長を退治してください。	클라페다 의뢰소의 접수원 람다의 의뢰로 종언의 길에서 오크 대장 처치를 수행해야 합니다.				
QUEST_LV_0500_20200227_000080	クラペダ依頼所の受付係ラムダの依頼で、終焉の道で十分な数のモンスター退治を遂行してください。	클라페다 의뢰소의 접수원 람다의 의뢰로 종언의 길에서 충분한 수의 몬스터 처치를 수행해야 합니다.				
QUEST_LV_0500_20200403_000081	お待ちください、もしやあなたは啓示者でしょうか？	잠시만요, 혹시 계시자인가요?				세이지 파견원
QUEST_LV_0500_20200403_000082	大変です。{nl}神樹の日以降、しばしば次元が崩壊する現象が現れています。{nl}	큰일입니다.{nl}신수의 날 이후로 종종 차원이 붕괴하는 현상이 나타나고 있어요.{nl}				세이지 파견원
QUEST_LV_0500_20200403_000083	それに加えて周りのモンスターたちも崩壊を加速させています。{nl}何とかしないと次元の崩壊が大陸全域に広がるでしょう。私一人では手に負えない事態だったので啓示者たちに助けを求めていました。{nl}どうか手を貸しては貰えないでしょうか。	더군다나 근처의 몬스터들이 붕괴를 가속하고 있죠.{nl}막지 않으면 차원 붕괴가 대륙 전역으로 번질 거예요.{nl}저 혼자서는 벅찬일이라 계시자들에게 도움을 구하고 있습니다.{nl}이렇게 부탁드립니다.				세이지 파견원
QUEST_LV_0500_20200403_000084	次元の崩壊に巻き込まれて命を失わないよう気をつけてください。{nl}万全の準備が揃わないと近づかない方が身のためです。	차원 붕괴에 휘말려 아까운 목숨을 잃지 않도록 주의하세요.{nl}준비가 충분하지 않으면 가까이 가지 않는 게 좋습니다.				세이지 파견원
QUEST_LV_0500_20200403_000085	次元の崩壊を防ぐ	차원 붕괴 저지				
QUEST_LV_0500_20200403_000086	自分のことだと言う	계시자가 맞다고 한다.				
QUEST_LV_0500_20200403_000087	自分ではないと言う	계시자가 아니라고 한다.				
QUEST_LV_0500_20200403_000088	セージ派遣員と会話する	세이지 파견원과 대화하기.				
QUEST_LV_0500_20200403_000089	廃都からセージ派遣員が啓示者たちへ何かを支給しています。シージ派遣員と話して下さい。	폐도에 위치한 세이지 파견원이 계시자들에게 무언가를 지급하고 있습니다. 세이지 파견원과 대화하세요.				
QUEST_LV_0500_20200724_000090	私達は、此処で近頃発生している寒波現象についての調査を行っています。{nl}	저희는 여기서 최근에 일어난 한파 현상에 대해 조사하고 있습니다.{nl}				크루세이더 마스터
QUEST_LV_0500_20200724_000091	三度に渡る調査の結果、この崖の下にいる魔族が寒波の原因だと判明しました。{nl}	세 차례에 걸친 조사로 이 절벽 아래에 있는 마족이 한파의 원인이라는 건 알아냈습니다.{nl}				크루세이더 마스터
QUEST_LV_0500_20200724_000092	魔族の名は――――{nl}	마족의 이름은..{nl}				크루세이더 마스터
QUEST_LV_0500_20200724_000093	『グレイシア』{nl}	글레이시어.{nl}				크루세이더 마스터
QUEST_LV_0500_20200724_000094	グレイシアという魔族です。{nl}そして特殊な装置の上に浮かんでいる黒い水晶も発見されています。{nl}正体は明らかになっていませんが、強い魔力を内に秘めていました。{nl}	글레이시어라고 하는 마족입니다.{nl}그리고 특별한 장치 위에 떠 있는 검은 수정도 발견했습니다.{nl}정체가 확실하지는 않지만, 강한 마력을 응축하고 있었습니다.{nl}				크루세이더 마스터
QUEST_LV_0500_20200724_000095	幾度かグレイシア討伐を試みましたが、寒波と魔族の攻勢を突破することは敵いませんでした。{nl}	몇 차례 글레이시어 토벌을 시도했지만, 한파와 마족의 공세를 뚫는 데 실패했습니다.{nl}				크루세이더 마스터
QUEST_LV_0500_20200724_000096	啓示者様方の活躍は耳にしております。{nl}グレイシア討伐にどうかご協力ください。	계시자들의 활약상은 들었습니다.{nl}글레이시어  처치를 도와주십시오.				크루세이더 마스터
QUEST_LV_0500_20200724_000097	では、崖の下へ降りる支度が済みましたら、ここで落ち合いましょう。	그럼, 절벽 아래로 내려갈 준비를 마친 후 다시 뵙겠습니다.				크루세이더 마스터
QUEST_LV_0500_20200724_000098	崖の下に降りるとなると、増援を要請することは難しくなるでしょう。{nl}グレイシアが起こしている寒波を何事もなく突破する事だって容易ではないでしょう。	절벽 아래로 내려간다면, 추가 지원을 요청하기는 힘들 겁니다.{nl}글레이시어가 일으키고 있는 한파를 버젓이 뚫고 가기도 쉽지 않을 겁니다.{nl}				크루세이더 마스터
QUEST_LV_0500_20200724_000099	私達はここで啓示者様が鉄格子に乗って崖の下へ無事降りれるよう、サポートします。{nl}	저희는 여기서 계시자님이 철창을 타고 절벽 아래로 무사히 내려갈 수 있도록 돕겠습니다.{nl}				크루세이더 마스터
QUEST_LV_0500_20200724_000100	……グレイシアを、よろしく頼みます。	글레이시어를 잘 부탁합니다.				크루세이더 마스터
QUEST_LV_0500_20200724_000101	啓示者様。{nl}少しお時間をいただけないでしょうか？{nl}	계시자님.{nl}잠시 시간 좀 내주시겠습니까?{nl}				크루세이더 파견원
QUEST_LV_0500_20200724_000102	以前、崖の下を調査中いくつか発見したものがあるのです。{nl}その内の一つが、この赤い液体……{nl}あの寒さの中、凍らずに薄氷だけ浮いていたのです。{nl}	지난 번, 절벽 아래를 조사하는 중에 몇 가지를 발견한 게 있습니다.{nl}그중 이 붉은 액체..{nl}그 추위 속에서 얼지 않고 살얼음만 띄고 있더군요.{nl}				크루세이더 파견원
QUEST_LV_0500_20200724_000103	どうも尋常ではない気がして、採取しました。{nl}もし分析を任せられるような方に心当たりありましたら、啓示者様にお預けします。	아무래도 심상치 않아 채취했습니다.{nl}혹시 분석을 맡길 만한 사람이 있다면 계시자님께 맡기겠습니다.				크루세이더 파견원
QUEST_LV_0500_20200724_000104	ありがとうございます。{nl}分析が完了しましたら、また私のところへ訪ねてきてください。	감사합니다.{nl}분석이 완료되면 다시 저를 찾아와 주세요.				크루세이더 파견원
QUEST_LV_0500_20200724_000105	なるほど……。この溶液を分析してほしい、ということですね？{nl}難しい事ではありませんが、……何やら不吉な予感がしますね。	용액을 분석해 달라는 말씀이신가요?{nl}어려운 일은 아니지만, 불길한 짐작이 드는군요.{nl}				플레이그 닥터 마스터
QUEST_LV_0500_20200724_000106	確実に分析するためには植物が必要です。{nl}この近辺のどんな植物でも構いませんので、一つだけ採取してきていただけますか？{nl}そういえば丁度ここからあまり離れていない場所に生えている植物を見かけたので、それを採取した方が良さそうですね。	확실히 하기 위해서는 식물이 필요합니다.{nl}근처에서 어떤 것이든 상관없으니 하나만 구해주시겠습니까?{nl}그러고 보니 마침, 여기서 멀지 않은 쪽에 길게 자란 식물이 있으니 그게 좋겠네요.				플레이그 닥터 마스터
QUEST_LV_0500_20200724_000107	分析が完了しましたら、また私のところへ訪ねてきてください。	분석이 완료되면 다시 저를 찾아와 주세요.				크루세이더 파견원
QUEST_LV_0500_20200724_000108	これは………{nl}	이건..{nl}				플레이그 닥터 마스터
QUEST_LV_0500_20200724_000109	どうやら、クルビナのようですね……。{nl}噂で聞いたことがあります。{nl}液体とはいえ……実際に見るのは初めてです。{nl}	아무래도 크루비나인 것 같군요.{nl}소문으로 들은 적이 있습니다.{nl}액체의 형태이지만.. 실제로 보는 건 처음이군요.{nl}				플레이그 닥터 마스터
QUEST_LV_0500_20200724_000110	ですが、コレには血がより濃く混ざっていますね。{nl}これは推測に過ぎませんが……誰かの体内に取り込まれていたものが血と共に吐き出されたのではないかと。{nl}	다만, 여기에는 피가 더 많이 섞여 있습니다.{nl}아무래도.. 누군가의 몸에 있다가 피와 함께 토해낸 거로 생각합니다.{nl}				플레이그 닥터 마스터
QUEST_LV_0500_20200724_000111	そしてその『誰か』とは、おそらく……仰っていたグレイシアという魔族であるかもしれません。{nl}	이를테면.. 말씀하신 글레이시어라는 마족이겠네요.{nl}				플레이그 닥터 마스터
QUEST_LV_0500_20200724_000112	よくない兆候ですね……。	안 좋은 징조입니다.				플레이그 닥터 마스터
QUEST_LV_0500_20200724_000113	今回の件につきましては、責任を持って調査していただきますよう、お願いします。{nl}こういった物は、平凡な魔族だけが欲しがる代物ではないでしょうから。	이번 일에 대해서 책임을 갖고 조사해주시기를 부탁드립니다.{nl}이런 물건이라면 평범한 마족 정도만 탐낼 물건이 아닐 겁니다.				플레이그 닥터 마스터
QUEST_LV_0500_20200724_000114	戻られましたか。{nl}	오셨습니까?{nl}				크루세이더 파견원
QUEST_LV_0500_20200724_000115	なるほど……分かりました。{nl}この溶液の処理と調査は我々が引き受けます。{nl}ご助力いただき本当に感謝いたします。	알겠습니다.{nl}이 용액에 대한 처리와 조사는 저희가 맡겠습니다.{nl}도와주셔서 정말 감사합니다.				크루세이더 파견원
QUEST_LV_0500_20200724_000116	啓示者様。{nl}ストーガス高原の野営地に駐屯している兵士の中に、謎の女性を目撃したと話している者がいるとの報告を受けました。	계시자님.{nl}스토가스 고원의 야영지에 주둔한 병사 중에서 의문의 여인에 대한 목격담을 이야기했다는 소식을 들었습니다.				크루세이더 파견원
QUEST_LV_0500_20200724_000117	私は現在の持ち場を離れるなとの命令を受けました。{nl}どうやら、クルセイダーマスター様へ報告していない調査であるせいか、私が動くのは難しいと思います。{nl}私の代わりに野営地の兵士達に会っていただけませんか？	저는 현 위치를 유지하라는 명령을 받았습니다.{nl}아무래도 마스터님에게는 보고하지 않은 조사라 제가 움직이기는 힘들 것 같습니다.{nl}저를 대신해 야영지의 병사들을 만나봐 주실 수 있으실까요?				크루세이더 파견원
QUEST_LV_0500_20200724_000118	助けていただき本当にありがとうございました。{nl}野営地にいらっしゃる分隊長アデスという方を訪ねれば、多少手間が省けるでしょう。	도와주셔서 정말 감사합니다.{nl}야영지에 있는 스토가스 분대장 아데스라는 사람을 찾아보시면 수고를 줄이실 수 있으실 겁니다.				크루세이더 파견원
QUEST_LV_0500_20200724_000119	謎の女性を目撃した話を聞きにきた…？ああ、その話ですか。	의문의 여인에 대한 목격담을 듣고 오셨다고요?				스토가스 분대장 아데스
QUEST_LV_0500_20200724_000120	ええ、はっきり覚えております。{nl}変だと思ったのが、「誰でもいいから助けて」と泣いていたのに、助けようとした我々がまるで見えてないかのようにシカトしていたんです。{nl}そうして『誰も自分を助けてくれない』と何かブツブツと呟いていたのです。{nl}どうも正気であるとは思えませんでした。	분명히 기억하고 있어요.{nl}이상했던 게, 누구든지 자신을 도와달라며 울면서도 도와주려는 저희를 무시하는 듯했었죠.{nl}그러면서 아무도 자신을 돕지 않는다며 중얼거리기도 했습니다.{nl}제정신 같지가 않았어요.				스토가스 분대장 아데스
QUEST_LV_0500_20200724_000121	もっと分かりやすく知りたければ、高原の兵士モティマーにも訊いてみてください。{nl}その女性を発見したというのが、そのモティマーだったんです。	이해하기 힘드시다면, 고원병사 모티머에게 물어보시면 됩니다.{nl}그 여인을 발견했던 게 바로 모티머였습니다.				스토가스 분대장 아데스
QUEST_LV_0500_20200724_000122	野営地にいらっしゃる分隊長アデスという方を訪ねれば、多少手間が省けるでしょう。	야영지에 있는 스토가스 분대장 아데스라는 사람을 찾아보시면 수고를 줄이실 수 있으실 겁니다.				크루세이더 파견원
QUEST_LV_0500_20200724_000123	どうされました？	무슨 일이시죠?				고원병사 모티머
QUEST_LV_0500_20200724_000124	例の女性についてならば、高原の兵士モティマーに訊くと良いでしょう。{nl}その女性を発見したというのが、そのモティマーだったんです。	여인에 대해서라면 고원병사 모티머에게 물어보시면 됩니다.{nl}그 여인을 발견했던 게 바로 모티머였습니다.				스토가스 분대장 아데스
QUEST_LV_0500_20200724_000125	例の女性について、お聞きしたいのですね。	여인에 대해서 여쭤보시는 거군요.				고원병사 모티머
QUEST_LV_0500_20200724_000126	あ、ですが今は少々……うーん、困りましたね。{nl}急いで済ませなければならない用事があるのです。{nl}私が用事を済ませている間に、ゲヒマの空き地を調べておいた方が良いでしょう。{nl}その女性を最初に発見したのが、そこの近辺だったので。	아, 하지만 지금은 곤란합니다.{nl}서둘러 처리할 일이 있어서요.{nl}제가 일을 마무리하는 동안 게히마 공터로 가는 길목을 살펴보시는 게 좋을 겁니다.{nl}그 여인을 처음 발견했던 게 그 근처였습니다.				고원병사 모티머
QUEST_LV_0500_20200724_000127	では、急いで用を済ませてきますので、先にゲヒマの空き地を調べてみてくださいね。	그럼, 서둘러 일을 마무리할 테니 게히마 공터의 길목을 먼저 조사해 보십시오.				고원병사 모티머
QUEST_LV_0500_20200724_000128	私は急いで用を済ませてきますので、先にゲヒマの空き地を調べてみてください。	저는 서둘러 일을 마무리할 테니 게히마 공터의 길목을 먼저 조사해 보십시오.				고원병사 모티머
QUEST_LV_0500_20200724_000129	ちょうど啓示者様を捜しているところでした。	마침 계시자님을 찾던 중이었습니다.				고원병사 모티머
QUEST_LV_0500_20200724_000130	その足かせは……{nl}あの女性の足首に付けられていた足かせですね。	그 족쇄는..{nl}그 여인의 발목에 채워져 있던 족쇄군요.				고원병사 모티머
QUEST_LV_0500_20200724_000131	あの女性は、まるで私達のことが全く見えても声も聞こえていないかのように、ただ虚空を見つめながら「助けて」とだけ言っていました。{nl}私は何とかして彼女を助けようとしたのですが、そうすることもままならない状態でした。{nl}女性は「誰も自分を助けてくれない」とブツブツ呟きながら、アルモール第2労役場の方へ向かっていきました。	그 여인은 마치 저희가 전혀 보이지도 들리지도 않는 것처럼 허공을 응시하며 도와달라고만 했습니다.{nl}제가 어떻게든 도우려고 했지만, 그럴 수도 없을 지경이었죠.{nl}여인은 아무도 자신을 돕지 않는다며 중얼거리면서 알몰 제2 노역장 방향으로 갔습니다.				고원병사 모티머
QUEST_LV_0500_20200724_000132	このような地形で生き残れるとは到底思えない状態でした。{nl}……そういえば、虚空を見つめていた目もどことなく変な感じだった気がします。{nl}瞳孔が無かったような……{nl}歩くのも大変そうで……。足かせを外すことだけが、当時私にできる全てでした……。	이런 지형에서 살아남기도 힘들어 보이는 상태였죠.{nl}그러고 보니 허공을 응시하고 있던 눈동자가 이상했습니다.{nl}검은자가.. 없었던 것 같습니다.{nl}걷는 것이 힘들어 보여 족쇄를 끊어 주는 것만이 제가 할 수 있는 전부였습니다.				고원병사 모티머
QUEST_LV_0500_20200724_000133	戻られたのですね。{nl}野営地で発見された女性の目撃談に関する調査は終わりましたか？	오셨군요.{nl}야영지에서 발견된 여인의 목격담에 대해 조사를 마치셨습니까?				크루세이더 파견원
QUEST_LV_0500_20200724_000134	なるほど……。{nl}その女性はここまで辿り着き、崖の下へ落ちた可能性が高いですね。{nl}……当然、無事では済まなかったでしょう。	그렇게 된 것이군요.{nl}이곳까지 와서 절벽 아래로 떨어졌을 가능성이 높습니다.{nl}당연히 무사하진 못 했겠군요.				크루세이더 파견원
QUEST_LV_0500_20200724_000135	落ちていた物にクルビナ液が付着していたということは……その女性こそ、まさしくグレイシアだったのでしょう。	떨어져 있던 물품에 크루비나 용액이 묻어 있었다는 말은.. 그 여인이 곧, 글레이시어겠군요.				크루세이더 파견원
QUEST_LV_0500_20200724_000136	啓示者様が調査してくださった内容と、私達がこれまで調査してきた内容を基に推測すると、グレイシアはもっと大きな存在に害されたのではないかと考えられます。{nl}どうやら裏に、彼女の精神に害をなして魔族化させた存在がいるようですね。	계시자님께서 조사해주신 내용과 저희가 그동안 조사한 내용을 토대로 추측해봤을 때, 글레이시어는 더 큰 존재에게 해를 입었을 것으로 생각됩니다.{nl}아무래도 그녀의 정신을 해치고 마족화시킨 배후가 있겠군요.				크루세이더 파견원
QUEST_LV_0500_20200724_000137	啓示者様。{nl}そろそろ崖の下へ降りる頃合いです。{nl}どんな些細な事でも構いません。白き魔女の森で何か発見しましたら、私にお知らせください。	계시자님.{nl}이제는 저 절벽 아래로 내려가봐야 할 때인 것 같습니다.{nl}하얀 마녀의 숲에서 무엇이든지 발견하신다면 저에게 알려주시길 부탁드립니다.				크루세이더 파견원
QUEST_LV_0500_20200724_000138	グレイシアは崖の下へ落ちた後、今のような姿に至ったはずです。{nl}どんな些細な事でも構いません。白き魔女の森で何か発見しましたら、私にお知らせください。	글레이시어는 절벽 아래로 떨어진 이후 지금에 이르렀을 겁니다.{nl}하얀 마녀의 숲에서 무엇이든지 발견하신다면, 저에게 알려주시길 부탁드립니다.				크루세이더 파견원
QUEST_LV_0500_20200724_000139	啓示者様、今は……	계시자님 지금은..				크루세이더 파견원
QUEST_LV_0500_20200724_000140	お待ちください。	멈춰주십시오.				크루세이더 마스터
QUEST_LV_0500_20200724_000141	啓示者様。{nl}申し上げたいことがあります。	계시자님.{nl}드릴 말씀이 있습니다.				크루세이더 마스터
QUEST_LV_0500_20200724_000142	この場の指揮を預かっているのは、この私です。{nl}許可の無い調査は慎んでください。{nl}啓示者様といえど、王国の法に背けば立場が不利になるでしょう。	이곳의 지휘를 담당하고 있는 것은 바로 저입니다.{nl}허가되지 않은 조사 활동은 삼가 주십시오.{nl}아무리 계시자님이라고 하셔도, 왕국의 법을 어기신다면 불리한 입장에 처하시게 될 겁니다.				크루세이더 마스터
QUEST_LV_0500_20200724_000143	調査にご協力いただいた啓示者様の献身につきましては、謝意を表します。{nl}但し、敵が誰であれ神樹の脅威となり得る存在であるなら……当然、処断せねばなりません。{nl}それだけが、クルセイダーが代々請け負ってきた義務です。	조사에 협조해주신 계시자님의 헌신에 대해서는 분명한 감사를 표하겠습니다.{nl}다만, 적이 누구든지 신수에 위협이 될 존재라면 마땅히 처단해야 합니다.{nl}크루세이더가 가진 의무는 그것뿐입니다.				크루세이더 마스터
QUEST_LV_0500_20200724_000144	以後、独断の調査はお控えください。	앞으로는 독단적인 조사는 지양해주십시오.				크루세이더 마스터
QUEST_LV_0500_20200724_000145	ヌバースク絶壁で発生している異常寒波現象について調査しています。{nl}ですが、人手不足で色々と困難な状況です。{nl}差支えなければ、ご協力いただけませんか？	누바스크 절벽에서 발생하고 있는 이상 한파 현상에 대해 조사하고 있습니다.{nl}하지만, 인력이 부족한 탓에 어려움을 겪고 있습니다.{nl}괜찮으시다면 도와주실 수 있으십니까?				크루세이더 파견원
QUEST_LV_0500_20200724_000146	感謝します。{nl}では、ヌバースク絶壁へ向かいましょう。	감사합니다.{nl}누바스크 절벽으로 가시죠.				크루세이더 파견원
QUEST_LV_0500_20200724_000147	異常寒波は、ヌバースク絶壁で発生しています。	이상 한파는 누바스크 절벽에서 발생하고 있습니다.				크루세이더 파견원
QUEST_LV_0500_20200724_000148	調査のご協力、感謝いたします。{nl}十分な証拠が集まり次第、王国へ持っていき対策を講じようと思います。{nl}毎度人手不足で……参ってしまいます……	조사를 도와주셔서 감사합니다.{nl}충분한 증거가 모이면 왕국에 가져가 대책을 마련할 생각입니다.{nl}항상 인력이 부족해서 고민이군요..				크루세이더 파견원
QUEST_LV_0500_20200724_000149	協力できない	도울 수 없다고 한다.				
QUEST_LV_0500_20200724_000150	白き魔女とクルセイダー(1)	하얀 마녀와 크루세이더(1)				
QUEST_LV_0500_20200724_000151	今は別件で忙しい	지금은 다른 일 때문에 바쁘다고 한다.				
QUEST_LV_0500_20200724_000152	白き魔女とクルセイダー(2)	하얀 마녀와 크루세이더(2)				
QUEST_LV_0500_20200724_000153	最善を尽くす	이번 일에 최선을 다하겠다고 한다.				
QUEST_LV_0500_20200724_000154	このあたりで手を引きたい	이쯤에서 그만두고 싶다고 한다.				
QUEST_LV_0500_20200724_000155	白き魔女とクルセイダー(3)	하얀 마녀와 크루세이더(3)				
QUEST_LV_0500_20200724_000156	もう関わりたくない	더 관여하고 싶지 않다고 말한다.				
QUEST_LV_0500_20200724_000157	白き魔女とクルセイダー(4)	하얀 마녀와 크루세이더(4)				
QUEST_LV_0500_20200724_000158	興味無い	관심이 없다고 한다.				
QUEST_LV_0500_20200724_000159	白き魔女とクルセイダー(5)	하얀 마녀와 크루세이더(5)				
QUEST_LV_0500_20200724_000160	調査結果を報告する	조사 결과를 전한다.				
QUEST_LV_0500_20200724_000161	まだ調査が終わっていない	아직 조사가 끝나지 않았다고 한다.				
QUEST_LV_0500_20200724_000162	白き魔女とクルセイダー(6)	하얀 마녀와 크루세이더(6)				
QUEST_LV_0500_20200724_000163	今は他に用事がある	지금은 다른 일이 있다고 한다.				
QUEST_LV_0500_20200724_000164	白き魔女とクルセイダー(7)	하얀 마녀와 크루세이더(7)				
QUEST_LV_0500_20200724_000165	手紙を見せる	편지를 보여준다.				
QUEST_LV_0500_20200724_000166	しらを切る	시치미를 뗀다.				
QUEST_LV_0500_20200724_000167	ストーガス高原の異常寒波	스토가스 고원의 이상 한파				
QUEST_LV_0500_20200724_000168	調査に協力する	조사에 도움을 준다.				
QUEST_LV_0500_20200724_000169	調査に協力しない	조사를 돕지 않는다.				
QUEST_LV_0500_20200724_000170	クルセイダーマスターと会話する	크루세이더 마스터와 대화하기				
QUEST_LV_0500_20200724_000171	ストーガス高原地帯で調査任務にあたっていたクルセイダーマスターが啓示者達に協力を仰いでいます。{nl}ストーガス高原のクルセイダーマスターであるゾフィア・エレノーラを訪ね、話を聞いてみましょう。	스토가스 고원 지대에서 조사 임무를 맡던 크루세이더 마스터가 계시자들에게 도움을 요청하고 있습니다.{nl}스토가스 고원의 크루세이더 마스터 조피아 엘레노라를 찾아가 이야기를 들어보세요.				
QUEST_LV_0500_20200724_000172	準備を済ませてクルセイダーマスターの元へ戻る	준비를 마치고 크루세이더 마스터에게 돌아가기				
QUEST_LV_0500_20200724_000173	ゾフィアは崖の下にいるグレイシアを討伐するため、啓示者達の協力を要請したとのこと。{nl}崖の下へ降りる準備を済ませたら、ゾフィアのところへ戻って伝えましょう。	조피아는 절벽 아래에 있는 글레이시어를 처치하기 위해 계시자들에게 도움을 요청했다고 합니다.{nl}절벽 아래로 내려 갈 준비를 마쳤다면 조피아에게 돌아가 이야기하세요.				
QUEST_LV_0500_20200724_000174	白き魔女とクルセイダー	하얀 마녀와 크루세이더				
QUEST_LV_0500_20200724_000175	クルセイダー派遣員	크루세이더 파견원과 대화하기.				
QUEST_LV_0500_20200724_000176	クルセイダー派遣員が、貴方に話があるようです。{nl}クルセイダー派遣員と話をしてみましょう。	크루세이더 파견원이 당신에게 할 말이 있는 듯 합니다.{nl}크루세이더 파견원과 이야기를 나눠 보세요.				
QUEST_LV_0500_20200724_000177	植物を採取する	식물을 채집하기.				
QUEST_LV_0500_20200724_000178	クルセイダー派遣員から、白き魔女の森を探索中に発見されたアイテムに関する調査を任されました。{nl}プレイグドクターマスターを訪ね、薄氷の帯びた赤い液体の分析を依頼しましょう。	크루세이더 파견원은 하얀 마녀의 숲을 탐사 중 발견한 물건에 대해 조사를 맡겼습니다.{nl}플레이그 닥터 마스터에게 찾아가 살얼음 띈 붉은 액체의 분석을 의뢰하세요.				
QUEST_LV_0500_20200724_000179	プレイグドクターマスターのところへ戻る	플레이그 닥터 마스터에게 돌아가기.				
QUEST_LV_0500_20200724_000180	プレイグドクターマスターから頼まれた植物を手に入れました。{nl}プレイグドクターマスターの元へ戻り、溶液分析の依頼を達成できるよう植物を渡しましょう。	플레이그 닥터 마스터가 말한 식물을 구했습니다.{nl}플레이그 닥터 마스터에게 돌아가 의뢰를 용액 분석을 마무리할 수 있도록 식물을 전해주세요.				
QUEST_LV_0500_20200724_000181	プレイグドクターマスターから調査結果を聞く	플레이그 닥터 마스터에게 조사 결과를 받기				
QUEST_LV_0500_20200724_000182	プレイグドクターマスターと再度会話する	플레이그 닥터와 다시 이야기 하기.				
QUEST_LV_0500_20200724_000183	プレイグドクターマスターは溶液の正体がクルビナ液である事実を知り、懸念を抱きました。彼は、何やら頼み事があるようです。もう一度プレイグドクターマスターと会話しましょう。	플레이그 닥터 마스터는 용액의 정체가 크루비나 용액이라는 사실을 알고 우려를 표했습니다.{nl}그가 당부할 것이 있는 것 같으니 다시 플레이그 닥터 마스터와 대화하세요.				
QUEST_LV_0500_20200724_000184	クルセイダー派遣員のところへ戻る	크루세이더 파견원에게 돌아가기.				
QUEST_LV_0500_20200724_000185	溶液の分析依頼を完了しました。{nl}クルセイダー派遣員の元へ戻り、クルビナ液を返しましょう。	용액의 분석 의뢰를 완료했습니다.{nl}크루세이더 파견원에게 돌아가 크루비나 용액을 돌려주세요.				
QUEST_LV_0500_20200724_000186	クルセイダー派遣員は、クルビナ液に関する今後の調査は自分達が引き受けると言いました。{nl}派遣員ともう一度会話し、何か手伝えることはないか聞いてみましょう。	크루세이더 파견원은 크루비나 용액에 대한 이후 조사는 자신들이 맡겠다고 했습니다.{nl}파견원과 다시 이야기해서 도울 일이 있는지 물어보세요.				
QUEST_LV_0500_20200724_000187	ストーガス分隊長アデスを訪ねる	스토가스 분대장 아데스 찾아가기.				
QUEST_LV_0500_20200724_000188	クルセイダー派遣員がグレイシアと思われる人物が目撃された場所があるのだと言います。{nl}ストーガス高原の野営地にいるストーガス分隊長アデスを訪ねて話を聞いてみましょう。	크루세이더 파견원은 글레이시어로 추정되는 인물이 목격된 장소가 있다고 합니다.{nl}스토가스 고원의 야영지 지역에 있는 스토가스 분대장 아데스를 찾아가 관련된 이야기를 들어보세요.				
QUEST_LV_0500_20200724_000189	高原の兵士モティマーを訪ねる	고원병사 모티머 찾아가기.				
QUEST_LV_0500_20200724_000190	アデスからグレイシアと思わしき女性の話を聞きました。{nl}詳しく話を聞くためにも高原の兵士モティマーを訪ねましょう。	아데스로부터 글레이시어로 추정되는 여인의 이야기를 들었습니다.{nl}자세한 이야기를 듣기 위해 고원병사 모티머를 찾아세요.{nl}				
QUEST_LV_0500_20200724_000191	高原の兵士モティマーと会話	고원병사 모티머와 대화하기.				
QUEST_LV_0500_20200724_000192	高原の兵士モティマーからグレイシアと思わしき女性について話を聞きましょう。	고원병사 모티머에게 글레이시어로 추정되는 여인에 대한 이야기를 들으세요.				
QUEST_LV_0500_20200724_000193	事件の現場を調査する	사건 장소 조사하기.				
QUEST_LV_0500_20200724_000194	高原の兵士モティマ―が用事を済ませている間に女性が発見されたという場所を調査してみましょう。	고원병사 모티머가 자신의 일을 마무리하는 동안 여인이 발견되었던 장소를 조사해 보세요.				
QUEST_LV_0500_20200724_000195	高原の兵士モティマ―のところへ戻る	고원병사 모티머에게 돌아가기.				
QUEST_LV_0500_20200724_000196	現場でクルビナ液を発見し、モンスターからは足かせを見つけることができました。{nl}高原の兵士モティマ―のところへ戻り調査結果を見せて事件の経緯について訊いてみましょう。	사건 현장에서 크루비나 용액을 발견했고, 몬스터로 부터 족쇄를 찾을 수 있었습니다.{nl}고원병사 모티머에게 돌아가 조사 결과를 보여주고 사건의 경위에 대해 물어보세요.				
QUEST_LV_0500_20200724_000197	遺失した物を回収	유실된 물건 회수				
QUEST_LV_0500_20200724_000198	クルセイダー派遣員に擦り減っている足かせを渡す	크루세이더 파견원에게 닳고 닳은 족쇄 전해주기.				
QUEST_LV_0500_20200724_000199	野営地での調査を終えました。{nl}クルセイダー派遣員の元へ戻り、調査結果を報告しましょう。	야영지에서의 조사를 끝냈습니다.{nl}크루세이더 파견원에게 돌아가 조사 결과를 알려주세요.				
QUEST_LV_0500_20200724_000200	調査を続行するためクルセイダー派遣員と会話しましょう。	조사를 지속하기 위해 크루세이더 파견원과 이야기를 나누세요.				
QUEST_LV_0500_20200724_000201	白き魔女の森で調査を進める	하얀 마녀의 숲에서 조사를 진행하기.				
QUEST_LV_0500_20200724_000202	クルセイダー派遣員はこの件には何か裏があるはずだと推察しました。{nl}白き魔女の森でグレイシアの痕跡を調査してください。	크루세이더 파견원은 이 일의 배후가 있을 것임을 짐작했습니다.{nl}하얀 마녀의 숲에서 글레이시어의 흔적을 조사하세요.				
QUEST_LV_0500_20200724_000203	クルセイダー派遣員に手紙の束を渡す	크루세이더 파견원에게 편지 뭉치를 전달하기.				
QUEST_LV_0500_20200724_000204	クルセイダー派遣員に白き魔女の森で見つけたものを渡しましょう。	크루세이더 파견원에게 하얀 마녀의 숲에서 발견한 것들을 가져다주세요.				
QUEST_LV_0500_20200724_000205	クルセイダーマスターと会話する	크루세이더 마스터와 대화하기.				
QUEST_LV_0500_20200724_000206	クルセイダーマスターのゾフィア・エレノーラから何か話があるようです。{nl}彼女と会話しましょう。	크루세이더 마스터 조피아 엘레노라가 할말이 있는 듯 합니다.{nl}그녀와 대화하세요.				
QUEST_LV_0500_20200724_000207	クルセイダー派遣員を訪ねる	크루세이더 파견원을 찾아가기.				
QUEST_LV_0500_20200724_000208	ストーガス高原の異常寒波現象を調査しているクルセイダー派遣員を訪ねましょう。	스토가스 고원의 이상 한파를 조사하고 있는 크루세이더 파견원에게 찾아가세요.				
QUEST_LV_0500_20200724_000209	ヌバースク絶壁で発生している異常寒波について調査する	누바스크 절벽에서 나타나는 이상 한파에 대해 조사하기.				
QUEST_LV_0500_20200724_000210	ヌバースク絶壁で異常寒波の調査し結果をクルセイダー派遣員に報告しましょう。	누바스크 절벽에서 이상 한파 현상에 대해 조사하고 결과를 크루세이더 파견원에게 들려주세요.				
QUEST_LV_0500_20200724_000211	異常寒波に関する調査結果をクルセイダー派遣員に報告しましょう。	이상 한파에 대한 조사 결과를 크루세이더 파견원에게 알려주세요.				
QUEST_LV_0500_20200907_000212	お待ちしておりました。{nl}啓示者様には協力に応じていただきたく、ここまで来ていただきました。	오셨습니까?{nl}협조를 부탁드리려고 계시자님을 불렀습니다.				크루세이더 마스터
QUEST_LV_0500_20200907_000213	グレイシアに関する調査を行った経験もありますし、やはりこの事件の真相の間近に辿り着けた者は啓示者様以外にはいないと思いました。{nl}調査にご協力願えますか？	글레이시어에 대한 조사를 진행하신 적이 있으시니, 아무래도 계시자님만큼 이 사건의 진상에 가까이 다가간 사람은 없을 거로 생각합니다.{nl}조사에 협조해 주실 수 있으십니까?				크루세이더 마스터
QUEST_LV_0500_20200907_000214	ご協力感謝します。{nl}啓示者様に渡した物はグレイシアの服から落ちた装身具です。{nl}グレイシアがこの場所へ辿り着くまでの間、どうやって魔族から命を守ることが出来たのか確認する必要があります。	협조에 감사드립니다.{nl}계시자님께 드린 물건은 글레이시어의 옷에서 떨어져 나온 장신구입니다.{nl}글레이시어가 어떻게 이곳까지 마족으로부터 목숨을 지킬 수 있었는지 알아볼 필요가 있습니다.				크루세이더 마스터
QUEST_LV_0500_20200907_000215	その装身具を魔族に見せて、反応を見ていただけますか？	그 장신구를 마족에게 보여주고 반응을 살펴봐 주십시오.				크루세이더 마스터
QUEST_LV_0500_20200907_000216	ご協力ありがとうございます。{nl}きらめく珠を魔族に見せて、反応を見てください。	협조에 감사드립니다.{nl}반짝이는 구슬을 마족에게 보여주고 반응을 살펴봐 주십시오.				크루세이더 마스터
QUEST_LV_0500_20200907_000217	戻られましたか。	돌아오셨습니까?				크루세이더 마스터
QUEST_LV_0500_20200907_000218	魔族が怯えて逃げた……ですか。{nl}グレイシアが強力な魔族であることは事実ですが…...彼女がここを通った時はまだ人間だったはずです。	마족이 겁에 질려 도망갔다고요?{nl}글레이시어가 강력한 마족인 건 사실이지만.. 그녀가 여기를 지날 때는 아직 인간이었을 때입니다.				크루세이더 마스터
QUEST_LV_0500_20200907_000219	だとすると……グレイシア以上の力を持つ他の魔族がこの事件に関わった可能性が大きいですね。	그렇다면.. 글레이시어 이상의 다른 마족이 이 사건과 연관되어 있을 가능성이 크군요.				크루세이더 마스터
QUEST_LV_0500_20200907_000220	以前、私達の派遣員が岩壁にある木の根近くでクルビナ液がこびれ付いている怪しい欠片を発見したそうです。{nl}現場保存のために、対象には触れませんでしたが。	지난번 저희 파견원이 암벽에 있는 나무뿌리 근처에서 크루비나 용액이 묻은 수상한 조각을 봤다고 하더군요.{nl}현장 보존을 위해 건들지는 않았습니다.				크루세이더 마스터
QUEST_LV_0500_20200907_000221	その欠片については、私が直接調べますので、啓示者様は怪しい欠片を探しながら調査の準備を進めてください。	제가 직접 그 조각을 조사할 테니 계시자님 께서는 수상한 조각을 찾아 조사를 준비해 주세요.				크루세이더 마스터
QUEST_LV_0500_20200907_000222	怪しい欠片は左の階段を下り、そのまま進むと見えてくる岩壁と木の根の間にあります。{nl}先に啓示者様が向かい調査の準備をしてください。	수상한 조각은 왼쪽 계단 아래로 내려가, 그대로 가시다 보면 암벽과 나무뿌리 사이에 있습니다.{nl}계시자님께서 먼저 가서 조사를 준비해주십시오.				크루세이더 마스터
QUEST_LV_0500_20200907_000223	そう、ですね……どう説明すれば良いのか...…{nl}結論から話しますと……	어떻게 말씀을 드려야 할지..{nl}결론부터 말씀드리자면..				크루세이더 마스터
QUEST_LV_0500_20200907_000224	この欠片には、長い時間をかけて染み付いた魔族の力が込められているようです。{nl}私が遭遇したどの魔族よりも強い力が感じられます。{nl}もしかしたらグレイシアは……	이 조각에는 오랜 시간에 걸쳐 마족의 힘이 배어있습니다.{nl}제가 마주쳤던 그 어떤 마족보다도 더욱 강한 힘이군요.{nl}어쩌면 글레이시어는..				크루세이더 마스터
QUEST_LV_0500_20200907_000225	もし……この力の持ち主に比べればグレイシアは大したことないレベルだと言えるほど……と言ったら、信じますか？	이 힘의 주인에 비하면 글레이시어는 큰 걱정거리가 아닌 수준이라면 믿으시겠습니까?				크루세이더 마스터
QUEST_LV_0500_20200907_000226	啓示者様のご協力のおかげで調査が早く進んでいます。	계시자님의 협조 덕분에 조사가 빠르게 진척되고 있습니다.				크루세이더 마스터
QUEST_LV_0500_20200907_000227	面倒をかけますが……グレイシアの背後にいる存在を証明するためには、もっと確実な証拠が必要です。	번거롭게도.. 글레이시어의 배후를 증명해내기 위해서는 더 확실한 증거가 필요합니다.				크루세이더 마스터
QUEST_LV_0500_20200907_000228	以前グレイシアの手紙を発見した場所が、崖の下だと仰られてましたよね?{nl}其処へ戻り、見逃した証拠はないかもう一度確認お願いします。	지난번 글레이시어의 편지를 발견한 곳이 절벽 아래라고 하셨죠?{nl}그곳에 가서 그때 놓친 증거가 없는 지, 다시 확인해주셨으면 합니다.				크루세이더 마스터
QUEST_LV_0500_20200907_000229	白き魔女の森の調査をお願いします。	하얀 마녀의 숲을 조사해주시길 바랍니다.				크루세이더 마스터
QUEST_LV_0500_20200907_000230	この指令書であれば確実な証拠になります。{nl}グレイシアの名前まで書かれています。	지령서라면 확실한 증거입니다.{nl}글레이시어의 이름까지 적혀있군요.				크루세이더 마스터
QUEST_LV_0500_20200907_000231	ですが、何故人間の言葉で書かれいるのでしょうか……？{nl}欠片に感じられた力は魔族の力で間違いありません。	그렇지만 어째서 인간의 언어로 적혀있을까요?{nl}조각에서 느꼈던 힘은 마족의 힘이 분명했습니다.				크루세이더 마스터
QUEST_LV_0500_20200907_000232	……私たちに自分の存在を知らせたいのかも知れません。	우리에게 자신의 존재를 알리고 싶어 하는군요.				크루세이더 마스터
QUEST_LV_0500_20200907_000233	黒幕がいるという証拠は確かになりました。{nl}啓示者様が崖の下に降りている間、私は欠片を調べるために王国に協力を要請しました。	배후가 있다는 증거는 확실해졌습니다.{nl}계시자님께서 절벽 아래로 내려가 있는 동안, 저는 조각을 조사하기 위해 왕국에 협조를 요청했습니다.				크루세이더 마스터
QUEST_LV_0500_20200907_000234	王国からは、魔族の力に最も詳しい人がいるのだそうです。{nl}ランダマスターのウオリオス・ワヒドに欠片をお渡しください。{nl}……あまり好ましくありませんが……王国の命令です。	왕국에서는 마족의 힘이라면 가장 잘 알만한 사람이 있다고 하더군요.{nl}랑다 마스터인 우올리오스 와히드에게 조각을 전해주십시오.{nl}탐탁지는 않지만.. 왕국의 명령입니다.				크루세이더 마스터
QUEST_LV_0500_20200907_000235	では、よろしくお願いします。{nl}この欠片さえ届けてくだされば、啓示者様にお手伝いいただく事はもうありません。	그럼 부탁드립니다.{nl}그 조각만 전해주신다면 계시자님께서 도와주실 일은 더 없습니다.				크루세이더 마스터
QUEST_LV_0500_20200907_000236	啓示者様、ご助力……ありがとうございました。	계시자님, 도와주셔서 감사했습니다.				크루세이더 마스터
QUEST_LV_0500_20200907_000237	グレイシア・カシミーラ{/}{nl}……グレイシアがまだ人間であった時の名前です。	글레이시어 카시밀라.{nl}글레이시어가 인간이었을 때의 이름입니다.				크루세이더 마스터
QUEST_LV_0500_20200907_000238	お待ちしておりました。{nl}話は既に聞いております。	오셨군요.{nl}이야기는 미리 들었습니다.				랑다 마스터
QUEST_LV_0500_20200907_000239	強いオーラですね……。{nl}クルセイダーマスター殿の措置がなければ、ここへ来る途中で倒れてもおかしくないほどです。	강한 기운이군요.{nl}크루세이더 마스터님의 조치가 없었더라면, 이곳에 오는 중에 쓰러지셨어도 이상하지 않았을 겁니다.				랑다 마스터
QUEST_LV_0500_20200907_000240	この力の持ち主は、この地で注視者と呼ばれる存在ですね。{nl}この先の話は、後に機会があればお話ししましょう。{nl}この欠片は私達が管理しましょう。{nl}隣の少女に渡してもらえますか？	이 힘의 주인은 이 땅의 명칭으로 주시자라는 이름의 존재군요.{nl}이 이상의 이야기는 나중에 기회가 된다면 말씀드리죠.{nl}이 조각은 저희가 관리하겠습니다.{nl}저 옆의 소녀에게 주시겠습니까?				랑다 마스터
QUEST_LV_0500_20200907_000241	ランダの少女	랑다 소녀				
QUEST_LV_0500_20200907_000242	彼女はまだ幼いので、気をつけて接してあげてください。	어린 아이이니 조심히 대해주세요.				랑다 마스터
QUEST_LV_0500_20200907_000243	次元の崩壊と分裂特異点に巻き込まれて命を失わないよう気をつけてください。{nl}特に分裂特異点では慎重に行動してください。とても危険な場所です。	차원 붕괴와 분열 특이점에 휘말려 아까운 목숨을 잃지 않도록 주의하세요.{nl}특히 분열 특이점에서는 행동을 주의하세요. 무척 위험한 장소입니다.	QUEST_LV_0500_20200403_000084	次元の崩壊に巻き込まれて命を失わないよう気をつけてください。{nl}万全の準備が揃わないと近づかない方が身のためです。	차원 붕괴에 휘말려 아까운 목숨을 잃지 않도록 주의하세요.{nl}준비가 충분하지 않으면 가까이 가지 않는 게 좋습니다.	세이지 파견원
QUEST_LV_0500_20200907_000244	十分な準備無しで近づかない方が身のためです。万全の準備を整えてから接近するように……。	준비가 충분하지 않으면 가까이 가지 않는 게 좋습니다. 철저한 준비를 하시고 접근하시기 바랍니다. 				세이지 파견원
QUEST_LV_0500_20200907_000245	白き魔女とクルセイダー(8)	하얀 마녀와 크루세이더(8)				
QUEST_LV_0500_20200907_000246	調査に協力する	조사에 협조한다.				
QUEST_LV_0500_20200907_000247	協力に応じない	협조하고 싶지 않다.				
QUEST_LV_0500_20200907_000248	白き魔女とクルセイダー(9)	하얀 마녀와 크루세이더(9)				
QUEST_LV_0500_20200907_000249	準備を整えておく	준비해 두겠다고 한다.				
QUEST_LV_0500_20200907_000250	後で行こう	나중에 가자고 한다.				
QUEST_LV_0500_20200907_000251	白き魔女とクルセイダー(10)	하얀 마녀와 크루세이더(10)				
QUEST_LV_0500_20200907_000252	今は難しい	지금은 어렵다고 한다.				
QUEST_LV_0500_20200907_000253	白き魔女とクルセイダー(11)	하얀 마녀와 크루세이더(11)				
QUEST_LV_0500_20200907_000254	渡しておく	전해주겠다고 말한다.				
QUEST_LV_0500_20200907_000255	手伝えない	도울수 없다고 한다.				
QUEST_LV_0500_20200907_000256	白き魔女とクルセイダー(12)	하얀 마녀와 크루세이더(12)				
QUEST_LV_0500_20200907_000257	これ以上関わりたくない	더 이상 관여하고 싶지 않다고 한다.				
QUEST_LV_0500_20200907_000258	クルセイダーマスターを訪ねる	크루세이더 마스터를 찾아가기.				
QUEST_LV_0500_20200907_000259	クルセイダーマスターが貴方に話があるようです。{nl}彼女の元を訪ねて、話を聞いてみましょう。	크루세이더 마스터가 당신에게 할 말이 있는 듯 합니다.{nl}그녀를 찾아가 무슨 일인지 물어보세요.				
QUEST_LV_0500_20200907_000260	グレイシアの所持品をモンスターに使用する	글레이시어의 소지품을 몬스터에게 사용하기.				
QUEST_LV_0500_20200907_000261	クルセイダーマスターの言われた通り、グレイシアの所持品をモンスターに見せてみてください。	크루세이더 마스터의 요청대로, 글레시이어의 소지품을 몬스터들에게 보여주세요.				
QUEST_LV_0500_20200907_000262	調査結果をクルセイダーマスターに報告する	조사 결과를 크루세이더 마스터에게 보고하기.				
QUEST_LV_0500_20200907_000263	グレイシアの所持品をモンスターに見せると、モンスター達が慌ててその場から逃げ出しました！{nl}調査結果をクルセイダーマスターに報告しましょう。	글레시이서의 소지품을 몬스터에게 보여주니, 몬스터들은 허겁지겁 달아났습니다!{nl}조사 결과를 크루세이더 마스터에게 알려주세요.				
QUEST_LV_0500_20200907_000264	クルセイダーマスターが次の調査への協力も頼みたいそうです。{nl}クルセイダーマスターと会話してください。	크루세이더 마스터가 다음 조사를 위해 협조를 요청하려고 합니다.{nl}크루세이더 마스터와 대화하세요.				
QUEST_LV_0500_20200907_000265	怪しい欠片の調査の準備を行う	수상한 조각 조사 준비하기.				
QUEST_LV_0500_20200907_000266	クルセイダーマスターは、派遣員からグレイシアから零れたと推測される怪しい欠片に関する報告を受けました。{nl}怪しい欠片がある場所へ向かい、クルセイダーマスターが調査できるよう先に準備をしておきましょう。	크루세이더 마스터는 파견원으로부터 글레이시어가 흘린 것으로 추정되는 수상한 조각에 대한 보고를 받았습니다.{nl}수상한 조각이 있는 곳으로 가서 크루세이더 마스터가 조사할 수 있도록 미리 준비를 해두세요.				
QUEST_LV_0500_20200907_000267	クルセイダーマスターの元へ戻る	크루세이더 마스터에게 돌아가기.				
QUEST_LV_0500_20200907_000268	クルセイダーマスターが怪しい欠片を持って行きました。{nl}彼女のところへ戻り調査結果を聞いてみましょう。	크루세이더 마스터가 수상한 조각을 가져갔습니다.{nl}그녀에게 돌아가 조사 결과에 대해 들어보세요.				
QUEST_LV_0500_20200907_000269	クルセイダーマスターに次の調査のために必要なものは何か聞いてみましょう。	크루세이더 마스터에게 다음 조사를 위해 필요한 건 무엇인지 물어보세요.				
QUEST_LV_0500_20200907_000270	白き魔女の森(レジェンド)で調査を進める	하얀 마녀의 숲(레전드)에서 조사를 진행하기.				
QUEST_LV_0500_20200907_000271	クルセイダーマスターはグレイシアの背後にいる魔族の存在を特定するには確かな証拠が必要だと言います。{nl}白き魔女の森に入り古い袋を調べてみてください。	크루세이더 마스터는 글레이시어의 배후에 있는 마족의 존재를 특정하기 위해서는 더 확실한 증거가 필요하다고 합니다.{nl}하얀 마녀의 숲으로 돌아가 해진 주머니를 살펴보세요.				
QUEST_LV_0500_20200907_000272	クルセイダーマスターに古い袋から発見された謎の指令書を見せましょう。	크루세이더 마스터에게 해진 주머니에서 발견한 의문의 지령서를 보여주세요.				
QUEST_LV_0500_20200907_000273	クルセイダーマスターに他に手伝ることはないかと訊いてみましょう。	크루세이더 마스터에게 더 도와줄 일은 없는 지 물어보세요.				
QUEST_LV_0500_20200907_000274	ランダマスターを訪ねる	랑다 마스터를 찾아가기.				
QUEST_LV_0500_20200907_000275	クルセイダーマスターは調査への協力に応じてくれたことに謝意を表し、最後に怪しい欠片について確実な調査を行うため、ランダマスターの元を訪ねるように言いました。{nl}サルラス修道女院にいるランダマスターの元へ向かい怪しい欠片について訊いてみましょう。	크루세이더 마스터는 조사에 협력해주어서 고맙다는 말을 전하며, 마지막으로 수상한 조각에 대해서 확실한 조사를 하기 위해 랑다 마스터를 찾아가 달라고했습니다.{nl}살러스 수녀원에 있는 랑다 마스터를 찾아가 수상한 조각에 대해 물어보세요.				
QUEST_LV_0500_20200907_000276	ランダマスターと話す	랑다 마스터와 대화하기.				
QUEST_LV_0500_20200907_000277	ランダマスターに怪しい欠片について話を聞いてみましょう。	랑다 마스터에게 수상한 조각에 대해서 의견을 들으세요.				
QUEST_LV_0500_20200907_000278	怪しい欠片をランダの少女に渡す	수상한 조각을 랑다 소녀에게 전해주기.				
QUEST_LV_0500_20200907_000279	ランダマスターに怪しい欠片について説明しました。{nl}危険な物であるため、魔族の力を扱うことに長けたランダに欠片を任せる必要があります。{nl}欠片をランダの少女に渡しましょう。	랑다 마스터에게 수상한 조각에 대한 설명을 들었습니다.{nl}위험한 물건이니 마족의 힘을 다루는 데 더 능숙한 랑다에게 조각을 맡겨야 합니다.{nl}조각을 랑다 소녀에게 전해주세요.				
QUEST_LV_0500_20210125_000280	イサウゴティ森のマティネスを全て排除しましたが、まだ注視者が集めたマティネスが残っているはずです。{nl}加えて、バウバスとヴァイガも変わらずマティネスを狙っている状況です。	비록 이사우고티 숲의 머티니스는 모두 제거했지만, 주시자가 모은 머티니스가 남아 있을 겁니다.{nl}그리고 바우바스와 바이가 역시 여전히 머티니스를 노리고 있는 상황입니다.				여신 라다
QUEST_LV_0500_20210125_000281	オルシャ一帯のマティネスが完全に消滅したわけではないため、{nl}魔族は必ず戻ってくるでしょう。	오르샤 일대의 머티니스가 완전히 소멸한 건 아니니,{nl}마족들은 반드시 돌아올 겁니다.				여신 라다
QUEST_LV_0500_20210125_000282	故に……啓示者よ。{nl}この危うい平和は、そう遠くない未来再びオルシャを襲うでしょう。	그러니 계시자.{nl}이 위태로운 평화는 머지않은 미래에 다시 오르샤를 덮칠 것입니다.				여신 라다
QUEST_LV_0500_20210125_000283	その危機に備え、万全の準備を整えてください。{nl}自身が背負う運命を教訓として……	그 위협에 대비해 만반의 준비를 하세요.{nl}그대가 짊어진 운명을 교훈 삼아.				여신 라다
QUEST_LV_0500_20210125_000284	先ほどいたパウフィスの渡し場の先にある森は、イサウゴティ森です。	앞에 있던 숲의 이름은 이사우고티 숲이라고 합니다.				여신 라다
QUEST_LV_0500_20210125_000285	イサウゴティ森には、どの森よりも強烈なマティネスの気配を感じます……	이사우고티 숲에서는 숲의 어느 부분보다 강렬한 머티니스의 기운이 느껴집니다.				여신 라다
QUEST_LV_0500_20210125_000286	間違いなくそこに注視者の魔族達が採掘したマティネスがあるはずです。{nl}多くの魔族がその場所を掌握しているでしょう。	분명히 그곳에 주시자의 마족들이 채굴한 머티니스가 있을 겁니다.{nl}분명히 많은 마족들이 그 곳을 장악하고 있겠죠.				여신 라다
QUEST_LV_0500_20210125_000287	注視者はいつも計画的に動いていました。{nl}マティネスの保管に関しても必ず何らかの対策を備えているはずです。	주시자는 항상 계획적으로 움직였습니다.{nl}분명 머티니스의 보관에도 대비책을 마련해놨겠죠.				여신 라다
QUEST_LV_0500_20210125_000288	やみくもにイサウゴティ森に向えば、大きなリスクを伴うことになるでしょう。	생각 없이 이사우고티 숲으로 향했다간 큰 위험을 감수해야 할 겁니다.				여신 라다
QUEST_LV_0500_20210125_000289	注視者の魔族たちは既に多くのマティネスを確保しているはずです。{nl}あなたの力だけで一度に取り除くことは難しい……	주시자의 마족들은 이미 많은 머티니스를 저장해두었을 겁니다.{nl}당신의 힘만으로는 한 번에 제거하기는 버거운 일..				여신 라다
QUEST_LV_0500_20210125_000290	私の力でマティネスを除去するという手もありますが……マティネスに宿る私の力と衝突する恐れがあります。{nl}それに、魔族たちが私の気配にすぐ気付いてしまうでしょう……	제 힘으로 머티니스를 제거하는 건 머티니스에 내재된 제 힘과의 충돌이 우려됩니다.{nl}게다가 마족들이 저의 기운을 금방 알아차릴 겁니다.				여신 라다
QUEST_LV_0500_20210125_000291	マティネスをできるだけ早く、且つ多く除去するためには、人間の手によって作られた十分な威力を持つ爆弾が一番効果的でしょう。	머티니스를 최대한 빨리, 최대한 많이 제거하기 위해서는 충분한 위력을 지닌 인간의 폭탄이 적당하겠군요.				여신 라다
QUEST_LV_0500_20210125_000292	どこからか爆弾を手に入れられないでしょうか？	혹시 폭탄을 구하실 수 있겠습니까?				여신 라다
QUEST_LV_0500_20210125_000293	オルシャの領主が『必要なことがあれば助力する』と言ってくれた……？{nl}よかった……まさに願ったりかなったりです。{nl}オルシャに良い質の爆弾があることを願いましょう。	오르샤의 영주가 필요한 일이 있으면 도움을 요청하라고 했다고요?{nl}마침 다행입니다.{nl}오르샤에 적당한 폭탄이 있기만 바라죠.				여신 라다
QUEST_LV_0500_20210125_000294	[オルシャの領主]イネッサ・ヘモンデール	[오르샤 영주]이네사 해먼데일				
QUEST_LV_0500_20210125_000295	オルシャの助力が必要なのですか？{nl}私の方から協力を頼んだ立場でもありますし、少しでもお力になれるのでしたら何でも提供いたします。	오르샤의 도움이 필요하시다고요?{nl}제가 도움을 청한 입장이니, 힘이 될 수 있다면 무엇이든 드리겠습니다.				[오르샤 영주]이네사 해먼데일
QUEST_LV_0500_20210125_000296	爆弾が必要なのですね。{nl}爆弾ならオルシャ 軍事基地の倉庫にあるはずです。{nl}警備兵に持ってくるよう指示いたします。	폭탄이 필요하다는 말씀이시군요.{nl}폭탄이라면, 오르샤 군수 창고에 있을 겁니다.{nl}경비병에게 가져오라 지시하겠습니다.				[오르샤 영주]이네사 해먼데일
QUEST_LV_0500_20210125_000297	どうか啓示者様にご満足いただける十分な威力だと良いのですが...…	부디 계시자님께서 바라시는 만큼 충분한 위력이길..				[오르샤 영주]이네사 해먼데일
QUEST_LV_0500_20210125_000298	気を付けて扱ってください。{nl}とても強力な威力を持つ魔法爆弾です。	조심히 다루시길 바랍니다.{nl}매우 강한 위력을 가진 마법 폭탄입니다.				[오르샤 영주]이네사 해먼데일
QUEST_LV_0500_20210125_000299	爆発に巻き込まれる可能性がありますので、十分注意してください。{nl}必ず安全な場所に避難した後に作動させてください。	자칫하면 폭발에 휘말릴 수도 있으니, 꼭 주의하셔야 합니다.{nl}반드시 안전한 곳에 몸을 피하신 후에 작동하셔야 합니다.				[오르샤 영주]이네사 해먼데일
QUEST_LV_0500_20210125_000300	啓示者様、どうかご無事で……{nl}オルシャのために戦ってくださり、ありがとうございます。	모쪼록 몸조심하십시오, 계시자님.{nl}오르샤를 위해 싸워주셔서 감사합니다.				[오르샤 영주]이네사 해먼데일
QUEST_LV_0500_20210125_000301	急ぎましょう。{nl}あなたが守るべきオルシャのためにも。	서둘러 움직이세요.{nl}당신이 지켜야 할 오르샤를 위해서라도.				여신 라다
QUEST_LV_0500_20210125_000302	どうでしたか？{nl}……その爆弾がオルシャの領主から頂いたものですか？	오셨습니까?{nl}그 폭탄이 오르샤 영주가 제공한 물건인가요?				여신 라다
QUEST_LV_0500_20210125_000303	……なるほど。{nl}では、マティネスを破壊できる手段も確保できましたし、接近さえできれば何とか対処できそうですね。	그렇군요.{nl}이제 머티니스를 파괴할 수단을 찾았으니, 접근을 하는 일만 남았습니다.				여신 라다
QUEST_LV_0500_20210125_000304	注視者、魔神ラガナ、魔王ヴァイガ...{nl}3人の魔族はそれぞれ異なる目的を持って戦っています。	주시자, 라가나, 바이가..{nl}세 마족은 각자 다른 목적으로 싸우고 있습니다.				여신 라다
QUEST_LV_0500_20210125_000305	私達は彼らの欲望を利用しましょう。{nl}魔神ラガナと魔王ヴァイガが啓示者様に提案したことを逆に利用し、彼らに偽りの情報を伝えるのです。	그러니, 우리는 그들의 욕망을 이용하죠.{nl}라가나와 바이가가 계시자님께 한 제안을 역으로 이용해, 그들에게 거짓 정보를 전해야 합니다.				여신 라다
QUEST_LV_0500_20210125_000306	そうすれば魔神ラガナと魔王ヴァイガの勢力はお互い対立するはずです。注視者の勢力もその状態を黙って見過ごすようなことはしないでしょう。{nl}戦場が混乱している隙をついてマティネス貯蔵所に接近してください。{nl}イサウゴティ森までは一緒に移動することになりますが、私が下手に動いてしまえば、魔族の目をごまかしたことがすべて無駄になってしまいます。	그러면 라가나와 바이가의 세력이 대립할테고, 주시자의 세력도 지켜보고만 있지는 않을 겁니다.{nl}전장이 혼란한 틈을 타 머티니스 저장소로 접근하시면 됩니다.{nl}이사우고티 숲까지는 같이 이동하겠지만, 제가 섣불리 움직이면 마족들의 눈을 돌린 게 소용없어질 겁니다.				여신 라다
QUEST_LV_0500_20210125_000307	ご存じの通り、私たちが一緒に動くことはできません。	아시다시피, 우리는 같이 움직일 수 없습니다.				여신 라다
QUEST_LV_0500_20210125_000308	私は、オルシャ周辺に他のマティネス貯蔵所がないか確認してみます。	저는 오르샤 근처에 또 다른 머티니스 저장소가 있는지 찾아보겠습니다.				여신 라다
QUEST_LV_0500_20210125_000309	どうか優先すべきことを忘れませぬよう……{nl}魔王ヴァイガと魔神ラガナ勢力の魔族よりも早く、マティネスの位置を確認することが何よりも重要です。	잊지마십시오.{nl}바이가와 라가나 세력의 마족들보다 머티니스의 위치를 알아내는 것이 우선입니다.				여신 라다
QUEST_LV_0500_20210125_000310	魔族たちにバレないよう、迅速に動いてください。	마족들에게 들키지 않도록, 조용하지만 신속하게 움직여 주십시오.				여신 라다
QUEST_LV_0500_20210125_000311	魔族たちの勢力争いに巻き込まれないようにお気を付けください。	마족들의 세력 다툼에 휘말리지 않도록 조심하십시오.				여신 라다
QUEST_LV_0500_20210125_000312	マティネス貯蔵所が見える場所を発見されましたか？	머티니스 저장소로 보이는 곳은 발견하셨나요?				여신 라다
QUEST_LV_0500_20210125_000313	幸いオルシャ周辺では、ここを除く他のマティネス貯蔵所は見つかりませんでした。	다행히 이곳을 제외한 오르샤 근처에서 다른 머티니스 저장소는 보이지 않았습니다.				여신 라다
QUEST_LV_0500_20210125_000314	やはり…...{nl}予想していた通り、魔族たちの警戒は厳重なようですね。	역시..{nl}예상대로 마족들이 경계가 심상치 않군요.				여신 라다
QUEST_LV_0500_20210125_000315	それでは手筈通りに魔神ラガナと魔王ヴァイガ勢力の魔族たちを利用しましょう。	계획대로, 라가나와 바이가 세력의 마족들을 이용하도록 하죠.				여신 라다
QUEST_LV_0500_20210125_000316	十分な空間がある場所に魔族たちをおびき寄せれると良さそうです。{nl}貯蔵所と遠すぎると注視者の魔族たちが動かない可能性があります。{nl}適切な場所を探してください。	충분한 공간이 있는 곳에 마족들을 유인하면 좋겠군요.{nl}저장소와 너무 멀다면 주시자의 마족들이 움직이지 않을 수 있습니다.{nl}적당한 장소를 찾아주세요.				여신 라다
QUEST_LV_0500_20210125_000317	見つけましたか？{nl}プラナス空き地ですか...…。	찾으셨습니까?{nl}플라나스 공터란 말씀이시군요.				여신 라다
QUEST_LV_0500_20210125_000318	なるほど……そこなら計画が狂う恐れはないでしょう。	그곳이라면 계획에 문제는 없을 겁니다.				여신 라다
QUEST_LV_0500_20210125_000319	まず魔神ラガナの伝令と会いましょう。{nl}魔神ラガナの気配を持つ存在がプラエイティ休憩所で感じられます。{nl}その場所に魔神ラガナが言っていた彼女の伝令がいるはずです。{nl}伝令に偽りの情報を渡してください。	먼저 라가나의 전령을 만나죠.{nl}라가나의 기운을 지닌 존재가 프레이티 쉼터에서 느껴집니다.{nl}그 곳에 라가나가 말했던 그녀의 전령이 있을 겁니다.{nl}전령에게 거짓 정보를 넘겨주세요.				여신 라다
QUEST_LV_0500_20210125_000320	偽りの情報として「プラナス空き地に注視者の魔族たちが採掘したマティネス 貯蔵所がある」と伝えて良いでしょう。	거짓 정보의 내용은 플라나스 공터에 주시자의 마족들이 채굴한 머티니스 저장소가 있다고 전하면 될 겁니다.				여신 라다
QUEST_LV_0500_20210125_000321	メサラス野営地にいるであろう魔王ヴァイガの伝令にも、同じ内容を伝えてください。	그리고 메살라스 야영지에 있을 바이가의 전령에게도 같은 내용을 전해주세요.				여신 라다
QUEST_LV_0500_20210125_000322	魔神ラガナの伝令	라가나의 전령				
QUEST_LV_0500_20210125_000323	ふむ...…{nl}見たところ事実のようだな。	흠..{nl}보아하니 사실인 것 같군.				라가나의 전령
QUEST_LV_0500_20210125_000324	この情報はラガナ様にお伝えする。{nl}ラガナ様は忠誠を捧げるものには、限りなく慈悲深い方だ。{nl}お前も必ず魔神ラガナ様の恩寵を受けることができるだろう。	이 정보는 라가나님께 전달하겠다.{nl}라가나님은 충성을 바치는 자에게 한없이 자비로운 분이지.{nl}네 녀석도 분명히 라가나님의 은총을 받을 수 있을 거다.				라가나의 전령
QUEST_LV_0500_20210125_000325	賢明な選択だな。	현명한 선택이군.				라가나의 전령
QUEST_LV_0500_20210125_000326	魔神ラガナと魔王ヴァイガの伝令たちに偽りの情報を渡し、プラナス空き地で争いを起こせば、{nl}必ずマティネス 貯蔵所にいる魔族たちの注意をそらすことができるはずです。{nl}さぁ、急ぎましょう。	라가나와 바이가의 전령들에게 거짓 정보를 주고 플라나스 공터에서 싸움을 일으키면,{nl}분명 머티니스 저장소에 있는 마족들의 시선을 돌릴 수 있을 겁니다.{nl}서둘러 주십시오.				여신 라다
QUEST_LV_0500_20210125_000327	ふむ...{nl}うーむ...	흐음..{nl}음..				바이가의 전령
QUEST_LV_0500_20210125_000328	いいでしょう。{nl}ヴァイガ様にあなたの言葉をお伝えします。{nl}でもあまり調子に乗らないほうがいいですよ。	좋아요.{nl}바이가님께 당신의 말을 전하도록 하겠습니다.{nl}하지만, 기고만장하지 않는 것이 좋을 겁니다.				바이가의 전령
QUEST_LV_0500_20210125_000329	ヴァイガ様は、生意気な人間をお嫌いですから...	바이가님은 건방진 인간을 좋아하지 않으시니..				바이가의 전령
QUEST_LV_0500_20210125_000330	ご苦労様でした。{nl}あとは偽りの情報による魔族たちの反応を待つだけですね。	고생하셨습니다.{nl}이제 거짓 정보에 대한 마족들의 반응을 기다리는 것만 남았군요.				여신 라다
QUEST_LV_0500_20210125_000331	反応を示した魔族たちが気を逸らしている内に、マティネス 貯蔵所に接近するのです。{nl}準備ができ次第、出発してください。	반응을 보인 마족들이 시선을 끄는 사이에 머티니스 저장소에 접근하시면 될 겁니다.{nl}준비가 되면 출발하세요.				여신 라다
QUEST_LV_0500_20210125_000332	爆弾が爆発すれば魔族たちは混乱の最中でも、あなたを探すはずです。{nl}最悪の場合、魔族たちがオルシャを攻撃する原因となるかも知れません。	폭탄이 터지면, 마족들은 혼란 속에서도 당신을 찾을 겁니다.{nl}자칫하면 마족들이 오르샤를 공격하는 원인이 될 수도 있을 겁니다.				여신 라다
QUEST_LV_0500_20210125_000333	魔族たちがオルシャに向かうためにはここを通り過ぎるはず。{nl}私も魔族たちが所持しているマティネスを回収しなければならないですし……	마족들이 오르샤로 향하기 위해서는 이곳을 지나야 할 터,{nl}마침 저는 마족들이 지니고 있을 머티니스를 회수해야 하니..				여신 라다
QUEST_LV_0500_20210125_000334	オルシャに向かう魔族たちは、私にお任せを。	오르샤로 향하는 마족들을 제가 처리할 이유가 있군요.				여신 라다
QUEST_LV_0500_20210125_000335	あなたは、あなたの任務のために動いてください。	당신의 임무를 위해 움직이세요.				여신 라다
QUEST_LV_0500_20210125_000336	魔神ラガナも魔王ヴァイガも、とてもプライドが高い魔族です。{nl}あなたに騙されたのだと知れば、きっとただでは済まさないでしょう……{nl}ですが、むやみに戦おうとしないでください。{nl}後で必ず機会があるはずです。	라가나와 바이가 모두 자긍심 높은 마족입니다.{nl}당신이 자신을 속였다는 것을 알면 계시자님을 내버려두지 않을 겁니다.{nl}그들과 함부로 싸우려 하지는 마세요.{nl}나중에 분명한 기회가 있을 겁니다.				여신 라다
QUEST_LV_0500_20210125_000337	魔神ラガナ	마신 라가				
QUEST_LV_0500_20210125_000338	待っていたわよ。{nl}ライマの子。	기다리고 있었단다.{nl}라이마의 아이여.				마신 라가
QUEST_LV_0500_20210125_000339	立派ね？{nl}壊しやすい人間如きが頑張ったところで、底が知れると思っていたんだけど...…	훌륭한 걸?{nl}부러지기 쉬운 인간이 해봤자 얼마나 할 수 있겠나 싶었는데..				마신 라가나
QUEST_LV_0500_20210125_000340	注視者のマティネスをキレイさっぱり吹き飛ばしてくれたじゃないの？{nl}感心したわ。	주시자의 머티니스를 아주 시원하게 날려버렸잖아?{nl}기특해.				마신 라가나
QUEST_LV_0500_20210125_000341	私を騙そうとしたなんて、本来なら許されないことだけど…...{nl}注視者が集めたマティネスを吹き飛ばしてくれたわけだし？今回は特別に見逃してあげるわ。	나를 속이려 든 건 용서할 수 없는 일이지만..{nl}주시자가 모은 머티니스를 날려버렸으니 특별히 이번은 넘어가도록 하마.				마신 라가나
QUEST_LV_0500_20210125_000342	それはそうと、注視者はお前をタダじゃ置かないでしょうから..….{nl}生き延びたいなら下側に逃げ続けることね。{nl}ほら、早く{nl}私の許可なく注視者なんかに殺されないでよね。	그건 그렇고, 주시자가 널 가만두지 않으려 할 테니..{nl}살고 싶다면 아래쪽으로 계속 도망치는 게 좋을 거야.{nl}어서,{nl}내 허락 없이 주시자 따위에게 죽지 말거라.				마신 라가나
QUEST_LV_0500_20210125_000343	ようやく見つけたぞ。{nl}啓示者。	드디어 찾았군.{nl}계시자.				마왕 바이가
QUEST_LV_0500_20210125_000344	命を差し出す覚悟はできているだろうな？{nl}俺への欺瞞行為……代価はきっちり払ってもらおうじゃないか。	목숨을 내놓을 준비는 되어있겠지?{nl}나를 기만한 대가는 톡톡히 치러야 할 것이다.				마왕 바이가
QUEST_LV_0500_20210125_000345	戻られたのですね。{nl}爆弾の爆発音を、しかと耳にしました。	돌아오셨군요.{nl}폭탄이 터지는 소리는 분명히 들었습니다.				여신 라다
QUEST_LV_0500_20210125_000346	魔神バウバスに会ったのですか？	바우바스를 만났다고요?				여신 라다
QUEST_LV_0500_20210125_000347	魔神バウバス...…	마신 바우바스..				여신 라다
QUEST_LV_0500_20210125_000348	魔神ギルティネがいない今……魔神の中で最も強力な存在です。{nl}魔神バウバスが魔王ヴァイガを助けたということは、思っていたよりも二人の協力関係が円満な状況だということ……ですね	길티네가 사라진 지금, 마신들 중에서 가장 강한 존재입니다.{nl}바우바스가 바이가를 구했다는 건, 생각보다 둘의 협력 관계가 원만한 수준인 거군요.				여신 라다
QUEST_LV_0500_20210125_000349	あまり良い知らせではありませんが、魔神バウバスがいなければ今ごろ注視者によって酷い目に合わされていたかもしませんし……{nl}不幸中の幸いと言えるでしょう。	반가운 소식은 아니지만, 바우바스가 아니었다면 주시자에게 큰 화를 입을 뻔했으니..{nl}불행 중 다행이겠군요.				여신 라다
QUEST_LV_0500_20210125_000350	何はともあれ……ひとまず、あなたの任務を終わらせましょう。{nl}オルシャに戻り領主に会ってください。{nl}魔神ラガナと魔王ヴァイガ、注視者の勢力下にある魔族たちの勢いは確実に抑えられました。	아무튼 지금은 당신의 임무를 끝낼 때이군요.{nl}오르샤로 가서 영주를 만나세요.{nl}라가나와 바이가, 주시자 세력의 마족들은 확실히 기세가 한풀 꺾였습니다.				여신 라다
QUEST_LV_0500_20210125_000351	まだ状況が終息したわけではありませんが、{nl}きっとあなたからの知らせを待っているでしょう。	아직 상황이 완전히 종식된 건 아니지만,{nl}분명 이 소식을 기다리고 있을 겁니다.				여신 라다
QUEST_LV_0500_20210125_000352	お戻りになりましたか。{nl}大きな爆発音が聞こえたので、啓示者様がうまく作戦を成功されたのだと思っておりました。	돌아오셨습니까.{nl}큰 폭팔음이 들려서 계시자님일 거라 짐작했습니다.				[오르샤 영주]이네사 해먼데일
QUEST_LV_0500_20210125_000353	無事で何よりです。	무사하신 것 같아 다행입니다.				[오르샤 영주]이네사 해먼데일
QUEST_LV_0500_20210125_000354	そうですか……{nl}オルシャは、またも啓示者様に助けられてしまったのですね……	그렇군요.{nl}오르샤는 이렇게 또 한 번 계시자님의 도움을 받게되었군요.				[오르샤 영주]이네사 해먼데일
QUEST_LV_0500_20210125_000355	オルシャとキレン地方を代表して心より感謝申し上げます。{nl}少なくとも、我々オルシャは次の戦いを準備するための時間を稼ぐことができました。	오르샤와 키렌 지방을 대표하여 감사드립니다.{nl}적어도 우리 오르샤는 다음 전투를 준비할 시간을 벌었습니다.				[오르샤 영주]이네사 해먼데일
QUEST_LV_0500_20210125_000356	多くの人達が傷つき倒れましたが、やられたまま終わらせるつもりはありません。{nl}まずは避難が遅れた人々を助け、それが終われば{nl}きっと反撃の機会がやってくるでしょう。	많은 이들이 다치고 쓰러졌지만, 이대로 우리는 당하고만 있지는 않을 겁니다.{nl}아직 피난하지 못한 사람들을 구하고 나면{nl}반격의 시간이 오겠지요.				[오르샤 영주]이네사 해먼데일
QUEST_LV_0500_20210125_000357	啓示者様。改めまして、感謝御礼申し上げます。	계시자님께 다시 한 번 감사의 말씀을 드리겠습니다.				[오르샤 영주]이네사 해먼데일
QUEST_LV_0500_20210125_000358	当分は魔族たちがオルシャを直接攻撃してくることは無いでしょう。	당분간은 마족들이 오르샤를 직접 공격하는 일은 없을 겁니다.				여신 라다
QUEST_LV_0500_20210125_000359	しかし、この危うい平和が長続きしないことは、啓示者……あなたもよく存じていることでしょう。	하지만 이 위태로운 평화가 오래가지 못할 것은 계시자, 그대도 잘 알고 있겠지요.				여신 라다
QUEST_LV_0500_20210125_000360	あなたはオルシャを守る任務を忠実に果たし、{nl}そして私も、十分責任を請け負うことができました。	당신은 오르샤를 지키는 임무에 충실히 임했고,{nl}저 또한 충분할 만큼 책임을 질 수 있었습니다.				여신 라다
QUEST_LV_0500_20210125_000361	失せろ！	꺼져라!				마신 길티네
QUEST_LV_0500_20210125_000362	呼びかけに応じていただきありがとうございます。{nl}オルシャは今危機に瀕している状態です。	부름에 달려와 주셔서 감사합니다.{nl}오르샤는 지금 위기에 처했습니다.				이네사 해먼데일
QUEST_LV_0500_20210125_000363	今まで見たこともない強敵が突然キレン地方全域に侵攻してきました。{nl}私はオルシャとその一帯を守るため、大陸のあちこちで活躍していた啓示者の方々と――――	일전에 본 적 없던 강력한 적들이 돌연 키렌 지방 전역을 침공했습니다.{nl}저는 오르샤와 그 일대를 지키고자, 대륙 곳곳에서 활약을 펼치던 계시자분들..				이네사 해먼데일
QUEST_LV_0500_20210125_000364	――――そして、あなたをここへ呼びました。{nl}どうか、オルシャのため……共に戦ってください。	그리고 당신에게 도움을 청하게 되었습니다.{nl}부디 오르샤를 도와 함께 싸워주시길 바랍니다.				이네사 해먼데일
QUEST_LV_0500_20210125_000365	ご助力感謝いたします。{nl}家門の先祖の方々が命を懸けて守ってきたオルシャを、これからは私たちが共に守るのです。	도움의 손길을 잡아주셔서 감사합니다.{nl}가문의 선조들께서 목숨을 바쳐 지켰던 오르샤를 이제는 우리가 함께 지켜낼 겁니다.				이네사 해먼데일
QUEST_LV_0500_20210125_000366	……ですがその前に、あなたを待っている方がおられます。{nl}街のアウシュリネ女神像から、ライマの聖域と呼ばれる場所に行けば、その方とお会いできるでしょう。{nl}あなただけは、その場所にたどり着くことができるとおっしゃってました。	그러나 그 전에, 당신을 찾는 분이 계십니다.{nl}마을의 여신 아우슈리네의 상을 통해 라이마의 성소라 불리는 곳으로 간다면 그 분께서 기다리고 계실 겁니다.{nl}당신만은 그 곳에 올수 있으리라 하시더군요.				이네사 해먼데일
QUEST_LV_0500_20210125_000367	会えて嬉しいです。{nl}啓示者。	반갑습니다.{nl}계시자여.				여신 라다
QUEST_LV_0500_20210125_000368	このような状況でなければ、再会を喜びたいところですが……今はそうも言っていられない状況です。{nl}オルシャで起こっている戦雲が大陸を越え世界に広まりつつあります。	이런 때에 만나게 되니 마음이 편하지는 않습니다.{nl}오르샤에 일어난 전운이 대륙을 넘어 세계로 그 손아귀를 뻗고 있습니다.				여신 라다
QUEST_LV_0500_20210125_000369	私があなたを呼んだ理由は他でもなく、今回の事態に変わる責任が、私とあなたにあるからです。{nl}詳しい話はレンパリサ池でお話しします。{nl}準備ができましたらレンパリサ池に来てください。	당신을 부르게 된 건 당신과 나, 우리 둘은 이번 사건에 대해 분명한 책임이 있다는 사실 때문입니다.{nl}자세한 이야기는 렘파라사 연못에서 이야기하겠습니다.{nl}준비되셨다면 렘파라사 연못에서 기다리겠습니다.				여신 라다
QUEST_LV_0500_20210125_000370	準備ができたようですね。{nl}レンパリサ池でお待ちしています。	준비되셨군요.{nl}렘파라사 연못에서 기다리겠습니다.				여신 라다
QUEST_LV_0500_20210125_000371	来られましたね。{nl}あなたと私の責任についてお話しますと...…	오셨군요.{nl}당신과 제가 가진 책임에 대해 말씀드리자면..				여신 라다
QUEST_LV_0500_20210125_000372	この周辺で起こった過去のクルビナ事件の中で、私は魔将ジャウラに捕らえられ、{nl}その時、私の生命力によって強力なクルビナが作られました。{nl}そしてあなたは、旅の途中で注視者がその一部を持っていたことを目撃しました。	이 일대에서 벌어진 과거의 크루비나 사건 속에서 저는 마군주 자우라에게 붙잡혔고,{nl}그때 제 생명력으로 강력한 크루비나가 만들어졌습니다.{nl}그리고 당신은 지난 여정에서 주시자가 그 일부를 가지고 있는 걸 보았죠.				여신 라다
QUEST_LV_0500_20210125_000373	理不尽な話に聞こえるかも知れませんが、{nl}この事態の元凶を冷静に判断できるのは私たちだけです。	불합리한 이야기처럼 들릴 수 있으나,{nl}이 사태의 원흉을 똑바로 볼 수 있는 건 우리뿐입니다.				여신 라다
QUEST_LV_0500_20210125_000374	しかし、今回の件が注視者によるものなのか確信するためには、もう少し調査する必要があります。{nl}周辺の魔族たちから手がかりとなる情報を取得してくれますか？	그러나 이 사태가 확실히 주시자의 행보인지는 조금 더 확신이 필요합니다.{nl}주변의 마족들로부터 도움이 될 정보를 얻어와 주시겠습니까?				여신 라다
QUEST_LV_0500_20210125_000375	詳しい話は事態をもう少し把握したあとにします。	더 자세한 이야기는 사태를 파악하며 말씀드리겠습니다.				여신 라다
QUEST_LV_0500_20210125_000376	周辺の魔族たちから注視者と関係ありそうな証拠を探し出してください。	주변의 마족들로부터 주시자와 연관이 있을만한 증거를 찾아주세요.				여신 라다
QUEST_LV_0500_20210125_000377	その邪悪な魔力を含んだ鉱石を魔族たちが持っていたのですか？	그 사악한 마력을 품은 광석을 마족들이 가지고 있었다는 말입니까?				여신 라다
QUEST_LV_0500_20210125_000378	あなたは、確か注視者が混沌を通じてこの鉱石を得るのを見たことがありましたね。	당신은 분명 주시자가 혼돈을 통해 이 광석을 취하는 걸 본 적이 있으시죠.				여신 라다
QUEST_LV_0500_20210125_000379	しかしながら、混沌で出るべきであるこの鉱石をどうやって魔族たちがもっているのか...…	그러나 혼돈에서 나와야 할 이 광석이 어떻게 마족들이 가지고 있는 건지..				여신 라다
QUEST_LV_0500_20210125_000380	どうやら、魔族たちがこの鉱石をどこから得たのか確認するしかないようです。{nl}魔族たちの記憶を通して確認できるでしょう。	아무래도 마족들이 이 광석을 어디서 얻었는지 찾아야겠습니다.{nl}마족들의 기억을 통해 찾을 수 있을 겁니다.				여신 라다
QUEST_LV_0500_20210125_000381	ランドルマの休憩所でなら注目されることもないでしょう。	란돌루마 쉼터라면 큰 이목을 끌지 않을 겁니다.				여신 라다
QUEST_LV_0500_20210125_000382	十分とはいえませんが、魔族たちの記憶から注視者の痕跡を確かに確認しました。{nl}しかしまだ確信を得るには情報が足りませんね……	충분하지는 않았으나 마족들의 기억을 통해 분명히 주시자의 흔적을 보았습니다.{nl}그러나 아직 확신을 얻기에는 모자라는군요.				여신 라다
QUEST_LV_0500_20210125_000383	鉱石の正体は、未だ明確ではありません。	여전히 광석의 정체는 분명하지 않습니다.				여신 라다
QUEST_LV_0500_20210125_000384	もう一度試してみましょう。{nl}魔族たちの魂を神聖力で浄化すれば、より多くの記憶を読み取ることができるはずです。	다시 한번 시도해보죠.{nl}마족들의 영혼을 신성력으로 정화하면 더 많은 기억을 읽어낼 수 있을 겁니다.				여신 라다
QUEST_LV_0500_20210125_000385	私の権能を少しお貸しします。{nl}アダタ街道の魔族たちに私がお貸しした祝福を使用すれば、魔族の魂が浄化され私に引導されます。	제 권능을 조금 나누어 드리겠습니다.{nl}아다타 가도의 마족들에게 제가 드린 축복을 사용하면 마족의 영혼이 정화되어 저에게 인도될 겁니다.				여신 라다
QUEST_LV_0500_20210125_000386	私は先にアダタ街道へ向かい、力を開放しておきます。	저는 먼저 아다타 가도로 가서 힘을 개방해두겠습니다.				여신 라다
QUEST_LV_0500_20210125_000387	無事鉱石の正体を知ることができました。{nl}鉱石の名前はマティネス...{nl}注視者はこの邪悪な鉱石をこのような名前で呼んでいました。	다행히 광석의 정체를 알아냈습니다.{nl}광석의 이름은 머티니스..{nl}주시자는 이 사악한 광석을 두고 그렇게 이름 불렀습니다.				여신 라다
QUEST_LV_0500_20210125_000388	啓示者よ、{nl}注視者がマティネスを利用して世界を――――{nl}正確には神樹を破壊しようとしています。	계시자여,{nl}주시자가 머티니스를 통해 세계를..{nl}정확하게는 신수를 파괴하려 하고 있습니다.				여신 라다
QUEST_LV_0500_20210125_000389	マティネスはベルローブにも匹敵する魔力源です。{nl}魔神ギルティネはベルローブの供給を中断して神樹を暴走させました。	머티니스는 벨로브에 견줄 수 있는 마력원입니다.{nl}길티네는 벨로브의 공급을 중단하여 신수를 폭주 시켰습니다.				여신 라다
QUEST_LV_0500_20210125_000390	その逆に、もしも...…{nl}注視者がこのマティネスを神樹に絶え間なく供給するようなことをしてしまったら、世界が神樹の根元と共に朽ち……おぞましい結末が訪れるでしょう{nl}十分な量のマティネスを供給すれば、ですが。	반대로..{nl}주시자가 이 머티니스를 신수에 끊임없이 공급한다면 세계는 신수의 뿌리와 함께 통째로 썩어 끔찍한 세계로 변해버릴 겁니다.{nl}머티니스의 양이 충분하다면 말이죠.				여신 라다
QUEST_LV_0500_20210125_000391	魔族の記憶の中で見たマルコス伐採地で、尋常でない亀裂を見ました。{nl}マティネスはその亀裂から得られたものでしょう。	마족의 기억 속 말코스 벌목지에서 심상치 않은 균열을 보았습니다.{nl}머티니스는 그 균열에서 나왔을 겁니다.				여신 라다
QUEST_LV_0500_20210125_000392	私は重ね橋の森に通じる道を確認します。{nl}あなたはマルコス伐採地を確認してください。{nl}重ね橋の森で会いましょう。	저는 덧댄다리 숲으로 가는 길을 확인하겠습니다.{nl}당신은 말코스 벌목지를 확인해주세요.{nl}덧댄다리 숲에서 뵙겠습니다.				여신 라다
QUEST_LV_0500_20210125_000393	お待ちしてました。	기다리고 있었습니다.				여신 라다
QUEST_LV_0500_20210125_000394	これが本当に魔族の額に角のように生えていたのですか？	이게 정말 마족의 이마에 뿔처럼 나있었다는 말인가요?				여신 라다
QUEST_LV_0500_20210125_000395	これはクルビナです。	이건 크루비나 입니다.				여신 라다
QUEST_LV_0500_20210125_000396	ただ……これは少し違うようですね。{nl}これが体を突き破って生えてくるだなんて……できると思いますか？{nl}魔将ジャウラが私を通して作り出したクルビナも、装置の力を借りて作り出していました。	그런데 조금은 다르군요.{nl}이게 몸을 뚫고 솟아날 수 있다고 생각하시나요?{nl}마군주 자우라가 저를 통해 만들어낸 크루비나도 장치의 도움을 받아서 만들어냈습니다.				여신 라다
QUEST_LV_0500_20210125_000397	クルビナは人間を魔族に変異させることもできます。	크루비나는 인간을 마족으로 만들기도 합니다.				여신 라다
QUEST_LV_0500_20210125_000398	あなたもクルビナを使用して変異していった子供を見たことがあるはずです。	당신도 크루비나를 사용하고 변해 가던 한 아이를 본 적이 있으시죠.				여신 라다
QUEST_LV_0500_20210125_000399	少しだけですが、このクルビナからは私の生命力も感じます。{nl}おそらく注視者が私を通じて作り出したクルビナで、人間を魔族に変異させたのでしょう。{nl}……これが、私がこの事態に対する責任を取らなければならない理由です。	이 크루비나에는 제 생명력도 조금 느껴집니다.{nl}아마도 주시자가 저를 통해 만들어낸 크루비나로 인간을 마족으로 만들었을 겁니다.{nl}제가 이 사태에 대해 책임을 져야 할 이유죠.				여신 라다
QUEST_LV_0500_20210125_000400	オルシャの住民たちも皆、魔族に変異されるかもしれない状況です。{nl}あなたはオルシャを助けなければならないはず。今は、あなたも私も目指す方向が同じです。	오르샤의 주민들도 모두 마족이 될지도 모르는 상황입니다.{nl}당신은 오르샤를 구해야 하니 지금은 당신과 제가 가야 할 방향이 같습니다.				여신 라다
QUEST_LV_0500_20210125_000401	されど、『目指す方向が同じ』というただそれだけ……。あくまで、それぞれの責任のために行動しているという事実を、肝に銘じなければなりません。	우리는 방향이 같을 뿐, 언제까지나 각자의 책임을 위해 움직이고 있다는 사실을 명심해야 합니다.				여신 라다
QUEST_LV_0500_20210125_000402	私があなたを助けたとなれば、女神アウシュリネ様が黙ってはいないでしょう。	제가 당신을 돕게 된다면 아우슈리네님께서 가만히 있지는 않을 겁니다.				여신 라다
QUEST_LV_0500_20210125_000403	ここは先ほどあなたが通り過ぎたレンパリサ池とつながる通路です。{nl}マティネス採掘とオルシャ攻撃のために集結した魔族たちが重ね橋の森を占領しています。	여기는 방금 당신이 지나온 렘파라사 연못과 연결되는 통로입니다.{nl}머티니스 채굴과 오르샤를 공격하기 위해 집결한 마족들이 덧댄다리 숲을 장악하고 있습니다.				여신 라다
QUEST_LV_0500_20210125_000404	私はこの魔族たちが採掘しているマティネスを回収する必要があります。{nl}あなたはどうしますか？	저는 이 마족들이 채굴하고 있는 머티니스를 회수할 필요가 있습니다.{nl}당신은 무슨 일을 하실 거죠?				여신 라다
QUEST_LV_0500_20210125_000405	よく理解していますね。{nl}では後ほどお会いましょう。	잘 이해하고 계시는군요.{nl}그럼 다시 뵙겠습니다.				여신 라다
QUEST_LV_0500_20210125_000406	あなたが魔族を相手している間、逃げ遅れていたオルシャの住民たちが無事街の中へ避難するのを見ました。	당신이 마족을 상대하고 있는 사이 미처 피하지 못했던 오르샤의 주민들이 무사히 마을 안으로 들어가는 걸 봤습니다.				여신 라다
QUEST_LV_0500_20210125_000407	自身の任務を立派にこなしているようですね。{nl}私もマティネスを一部回収することができました。	당신의 임무를 훌륭히 수행하고 있군요.{nl}저 역시 머티니스를 일부 회수할 수 있었습니다.				여신 라다
QUEST_LV_0500_20210125_000408	私はマティネスの回収を続けるため、重ね橋の森のさらに深い場所に行くつもりです。	저는 머티니스 회수를 계속하기 위해 덧댄다리 숲의 더 깊은 곳으로 갈 생각입니다.				여신 라다
QUEST_LV_0500_20210125_000409	丁度ここから近いジベニー大路で魔族たちがマティネスを採掘していた亀裂があります。{nl}そこの亀裂はあなたが確認したレンパリサ池の亀裂とは違い固まっていないため、調査する価値があります。	마침 여기서 가까운 지베니 대로에서 마족들이 머티니스를 채굴하던 균열이 있습니다.{nl}그곳의 균열은 당신이 봤던 렘파라사 연못의 균열과 달리 굳어있지 않으니 조사할 가치도 있습니다.				여신 라다
QUEST_LV_0500_20210125_000410	ここから重ね橋の森に入れる唯一の道であり、魔族たちが占領しています。	여기서 덧댄다리 숲으로 들어가는 유일한 길이고, 마족들이 점거하고있습니다.				여신 라다
QUEST_LV_0500_20210125_000411	わたしも丁度その魔力を感じ、ここで足を止めました。{nl}間違いなく注視者の魔力です。	저도 마침 그 마력을 느끼고 여기서 멈춰섰습니다.{nl}틀림없이 주시자의 마력이군요.				여신 라다
QUEST_LV_0500_20210125_000412	あくまで推測に過ぎませんが……魔族たちがマティネスを採掘するためには、必ずこの魔力が必要なのかもしれません。{nl}つまり、この魔力の根源を探し出し破壊することができれば、マティネス採掘を止めることができます。	추측이지만, 마족들이 머티니스를 채굴하기 위해서는 반드시 이 마력이 필요할 겁니다.{nl}다시 말해, 마력의 근원지를 찾아 파괴할 수만 있다면 머티니스 채굴을 막을 수 있습니다.				여신 라다
QUEST_LV_0500_20210125_000413	そうすればマティネスが注視者の手に渡ることを防ぐことができるでしょう。{nl}また、オルシャを侵攻するために集結した魔族たちにも十分な被害を与えることができます。	그렇게 된다면 주시자의 손에 머티니스가 들어가는 일을 막을 수 있겠군요.{nl}그리고 오르샤를 침공하기 위해 집결한 마족들에게도 적지 않은 피해를 줄 수 있습니다.				여신 라다
QUEST_LV_0500_20210125_000414	私は魔力の根源を探してみます。{nl}あなたのように飛べない人には、行きづらい崖などを調査するつもりです。	저는 마력의 근원지를 찾아보려고 합니다.{nl}당신처럼 날 수 없는 인간이 가기에는 어려운 절벽을 찾아볼 겁니다.				여신 라다
QUEST_LV_0500_20210125_000415	女神ラダがわざと祝福を落としていったようだ。{nl}祝福を使ってモルコス農場で魔力の根源を探してみよう。	라다 여신이 일부로 축복을 흘려둔 것 같다{nl}축복을 이용해 모르꼬스 농장에서 마력의 근원지를 찾아보자				PC
QUEST_LV_0500_20210125_000416	魔力の根源である注視者の黒い水晶を発見した。{nl}破壊できるか確認してみよう。	마력의 근원지인 주시자의 검은 수정을 발견했다{nl}파괴할 수 있는지 확인해 보자				안내
QUEST_LV_0500_20210125_000417	女神ラダの祝福を使用してみますか？	라다 여신의 축복을 사용해볼까?				안내
QUEST_LV_0500_20210125_000418	亀裂の中の液体が相変わらず沸いている	균열 속의 액체가 여전히 끓고 있다				PC
QUEST_LV_0500_20210125_000419	亀裂を調査しますか？	균열을 조사하시겠습니까?				안내
QUEST_LV_0500_20210125_000420	亀裂に染み込む魔力がまだ感じられる{nl}まだ調査していないボナン森の道方向に向かい注視者の黒い水晶を探してみよう	균열로 스며드는 마력이 여전히 느껴진다{nl}아직 조사하지 않은 보난 숲길 방향으로 가서 주시자의 검은 수정을 찾아보자				PC
QUEST_LV_0500_20210125_000421	注視者の黒い水晶を攻撃しますか？	주시자의 검은 수정을 공격하시겠습니까?				안내
QUEST_LV_0500_20210125_000422	あなたが発見した二つの黒い水晶以外にも多くの水晶がありました。{nl}重ね橋の森にあった水晶はすべて破壊しました。	당신이 발견한 두 개의 검은 수정 외에도 많은 수정이 있었습니다.{nl}덧댄다리 숲에 있던 수정은 모두 파괴했습니다.				여신 라다
QUEST_LV_0500_20210125_000423	重ね橋の森のマティネスの亀裂は固まりました。	덧댄다리 숲의 머티니스 균열들은 굳었습니다.				여신 라다
QUEST_LV_0500_20210125_000424	しかし、{nl}魔族たちが今まで採掘してきたマティネスがあるはずなのですが、{nl}ここではマティネスを発見できませんでした。	그러나{nl}그동안 마족들이 채굴한 머티니스가 있을 텐데,{nl}여기서는 머티니스를 찾을 수 없었습니다.				여신 라다
QUEST_LV_0500_20210125_000425	そのマティネスが注視者の手に渡ってはいけません。{nl}なんとしてもその貯蔵所を探し出し、マティネスを回収しなければ……	그 머티니스들이 주시자의 손에 들어가서는 안 됩니다.{nl}저는 그 저장소를 찾아 머티니스를 회수해야 합니다.				여신 라다
QUEST_LV_0500_20210125_000426	啓示者よ、{nl}あなたにも、やってもらいたいことがあります。	계시자여,{nl}그대도 해야 할 일이 있습니다.				여신 라다
QUEST_LV_0500_20210125_000427	パウフィスの渡し場で女神ラダを探してください。	파우피스 나루에서 라다 여신을 찾으세요				PC
QUEST_LV_0500_20210125_000428	注視者を追いましたが、ここの状況をみて、あなたを待っておりました。	주시자를 쫓았으나, 이곳의 상황을 보고 계시자님을 기다리고 있었습니다.				여신 라다
QUEST_LV_0500_20210125_000429	……お気づきになったでしょう？{nl}オルシャに侵攻したのは注視者だけではないのです。{nl}先ほど見た二つの勢力の魔族たちも含め注視者まで――――三つの勢力がオルシャに侵攻してきました。	눈치 채셨겠죠?{nl}오르샤를 침공한 건 주시자 뿐만이 아니라는 이야기입니다.{nl}방금 본 두개 세력의 마족들만 하더라도 주시자를 포함하여 세 개의 세력이 오르샤를 침공했군요.				여신 라다
QUEST_LV_0500_20210125_000430	しかし皆マティネスが目的であることは確かです。{nl}彼等はそれぞれ魔王カルタスの魔族と魔神ラガナの配下にある魔族たちです。	하지만 모두 머티니스가 목표인 건 확실합니다.{nl}저들은 각각 마왕 카르타스의 마족과 마신 라가나의 휘하 마족들입니다.				여신 라다
QUEST_LV_0500_20210125_000431	ですが、まだ確信を持てません。{nl}特に魔王カルタスが魔神ラガナと敵対するなんて、信じられません。	그렇지만, 확신을 가질 수는 없습니다.{nl}특히나 마왕 카르타스가 마신인 라가나와 대적한다는 건 믿을 수가 없군요.				여신 라다
QUEST_LV_0500_20210125_000432	彼らの裏で糸を引いている他の存在がいるかも知れません。	저들을 움직이는 다른 존재가 있을지도 모릅니다.				여신 라다
QUEST_LV_0500_20210125_000433	まず、魔王カルタスの部下たちを動かしている上の存在が誰であるか確認しておく必要がありますね。{nl}あなたはオルシャに侵攻してきたあの魔族たちをどうするのですか？	먼저, 마왕 카르타스의 부하들을 움직이는 진짜 상급자가 누구인지 확인해 둘 필요가 있겠군요.{nl}당신은 오르샤를 침공한 저 마족들을 어떻게 하시겠습니까?				여신 라다
QUEST_LV_0500_20210125_000434	理解していただきありがとうございます。	묵묵히 이해해주셔서 감사합니다.				여신 라다
QUEST_LV_0500_20210125_000435	では、私もマティネスを狙う存在が誰か探してみます。	그럼 저 역시 머티니스를 노리는 존재들이 누구인지 찾아보겠습니다.				여신 라다
QUEST_LV_0500_20210125_000436	後ほど、ここで落ち合いましょう。	이 자리에서 다시 뵙겠습니다.				여신 라다
QUEST_LV_0500_20210125_000437	ファスラブ隠居地でヴィンメディスを倒し、上役の証を獲得してください。	파슬랍 은거지에서 빈미디스를 처치하고 상급자의 징표를 획득하세요				PC
QUEST_LV_0500_20210125_000438	これは魔王ヴァイガと魔神ラガナの証…...{nl}魔王ヴァイガの証をカルタスの魔族たちが持っていた、ということですか？	이건 바이가와 라가나의 증표..{nl}바이가의 증표를 카르타스의 마족들이 가지고 있었다는 말씀이신가요?				여신 라다
QUEST_LV_0500_20210125_000439	魔王カルタスが魔神ラガナに対抗することはできないでしょうが…...{nl}……魔王ヴァイガなら可能かも知れません。	마왕 카르타스가 라가나에게 대항할 수 없겠지만..{nl}바이가라면 가능할지도 모릅니다.				여신 라다
QUEST_LV_0500_20210125_000440	魔王ヴァイガは、はるか昔から魔神バウバスと緊密な協力関係を持っています。{nl}ギルティネがいない今、魔神バウバスは最も強力な魔族に違いないでしょう。	마왕 바이가는 오랜 옛날부터 마신 바우바스와 긴밀한 협력을 이루고 있습니다.{nl}마신 바우바스는 길티네가 없는 지금으로서는 가장 강한 마족임이 틀림없습니다.				여신 라다
QUEST_LV_0500_20210125_000441	……ギルティネがいなくなった世界というものを、改めて実感しました。	길티네가 사라진 세상이라는 게 새삼 실감이 나는군요.				여신 라다
QUEST_LV_0500_20210125_000442	魔王ヴァイガの魔族たちは確かにマティネスを狙っていました。{nl}一方で魔神ラガナの魔族たちは、妙なことにマティネスの採掘を邪魔しようとするだけでマティネス事態を狙った様子はありませんでした。	바이가의 마족들은 확실히 머티니스를 노리고 있었습니다.{nl}라가나의 마족들은 이상하게도 머티니스 채굴을 방해하려고만 했지, 머티니스 자체를 노리는 정황은 없더군요.				여신 라다
QUEST_LV_0500_20210125_000443	ともかく、彼らの目的がどうあれ、マティネスを魔族に渡すことは女神にとっても、人間にとっても、決して良いことではありません。{nl}急いでマティネス 貯蔵所を探したほうが良いでしょう。	아무튼 그들의 목적을 떠나 머티니스의 주인이 마족이 되는 건 여신에게든 인간에게든 좋을 수 없을 겁니다.{nl}서둘러 머티니스 저장소를 찾는게 좋겠습니다.				여신 라다
QUEST_LV_0500_20210125_000444	ただ、ここへ来てから、四方から強力な魔力が吹きすさんでいます。{nl}注視者の黒い水晶か、あるいはそれに匹敵する他の存在かは分かりません。	다만, 여기에 들어온 후로 사방에서 강력한 마력들이 휘몰아치고 있습니다.{nl}주시자의 검은 수정인지, 혹은 그에 버금갈 다른 존재인지는 확실하지 않습니다.				여신 라다
QUEST_LV_0500_20210125_000445	お前は……ああ、女神ライマの手先の……	너는 라이마의 끄나풀이로군.				마왕 바이가
QUEST_LV_0500_20210125_000446	正直驚いたよ。{nl}いくら女神ライマの助けがあったとはいえ、人間の若造がギルティネを追い詰めたのだからな。	솔직하게 말하자면 놀라웠다.{nl}비록 라이마가 도왔다고는 하나, 인간 애송이가 길티네를 몰아넣었으니 재주라면 재주겠지.				마왕 바이가
QUEST_LV_0500_20210125_000447	俺がここに来た理由を知りたいか？	내가 이곳에 온 이유가 궁금한가?				마왕 바이가
QUEST_LV_0500_20210125_000448	神樹の根元……お前のような若造には知る必要のないことだ。	신수의 뿌리는 너같은 애송이가 신경쓸 물건이 아니다.				마왕 바이가
QUEST_LV_0500_20210125_000449	お前が知っている世界は、実在している世界のほんの一部に過ぎん。{nl}たかだか一瞬の合間に生きては死ぬ必滅の人間如きが。……過度な好奇心は身を滅ぼすぞ。	네 녀석이 알고 있는 세계는 실제 존재하는 세계의 티끌 만큼도 안 된다.{nl}고작 순간의 삶을 살다 죽을 필멸의 인간따위가 건방진 호기심을 가지고 있군.				마왕 바이가
QUEST_LV_0500_20210125_000450	身の程をわきまえることだ。	신경꺼라.				마왕 바이가
QUEST_LV_0500_20210125_000451	魔王ヴァイガに会いましたね。{nl}魔神ラガナを追うことに集中し過ぎたあまり、魔王ヴァイガの存在に気付くのに遅くなりました。	바이가를 만나셨군요.{nl}라가나를 쫓는 데 집중한 나머지 뒤늦게 바이가의 존재를 알아차렸습니다.				여신 라다
QUEST_LV_0500_20210125_000452	ラガナは……{nl}……森の中で彼女を追いましたが、見失ってしまいました...	라가나는,{nl}숲 속에서 그녀를 쫓는 건 거의 불가능한 일이라 놓치고 말았습니다.				여신 라다
QUEST_LV_0500_20210125_000453	魔神ラガナと魔王ヴァイガがお互い対立していることは確かであるようです。{nl}彼らの提案は、一見最終的には我々に利点となりそうに見えますが、{nl}魔族の建前は信じられません。{nl}どのような誘惑も決してそのまま受け止めることは避けるべきです。	라가나와 바이가가 서로 대립하고 있는 건 확실하군요.{nl}그들의 제안은 궁극적으로 우리에게 이점인 것 처럼 보이겠지만,{nl}마족의 속내는 믿을 수 없습니다.{nl}그러니 어떤 유혹에도 결코 선뜻 받아들여서는 안 됩니다.				여신 라다
QUEST_LV_0500_20210125_000454	一方...{nl}今すぐに注視者、魔神ラガナ、魔王ヴァイガとその裏に隠れている魔神バウバスまで、全てを相手にすることは危険すぎます。	한 편으로는..{nl}지금 당장 주시자, 라가나, 바이가와 그 뒤의 바우바스까지 모두를 대적하기에는 위험합니다.				여신 라다
QUEST_LV_0500_20210125_000455	あなたが魔神ギルティネと戦ったときとは違い、{nl}あなたを助けられるほどの力を温存している女神は女神アウシュリネ様のみ...{nl}しかし、女神アウシュリネ様はこのことに介入することを望んでおりません。それはあなたも知っているはずです。	당신이 길티네와 싸웠을 때와는 달리,{nl}당신을 도울 수 있을 정도로 힘을 보존한 여신은 아우슈리네님 뿐..{nl}그러나 아우슈리네님께서는 이 일에 개입하시기를 원하지 않으신다는 걸 당신도 아실 겁니다.				여신 라다
QUEST_LV_0500_20210125_000456	方法はあります。	방법은 있습니다.				여신 라다
QUEST_LV_0500_20210125_000457	注視者の魔族たちが採掘したマティネスを彼等より早く探し出し確保すれば、{nl}主導権を握ることができるはずです。{nl}急いでマティネスの貯蔵所を探し出しましょう。	주시자의 마족들이 채굴한 머티니스를 그들보다 먼저 찾아내 확보한다면,{nl}분명히 주도권을 쥘 수 있습니다.{nl}그러니 서둘러 머티니스의 저장소를 찾죠.				여신 라다
QUEST_LV_0500_20210125_000458	ただ、今は私が魔神ラガナとの戦いで力を大きく消耗したため、回復する時間が必要です。	다만, 지금은 제가 라가나와의 싸움으로 힘을 많이 소모한 탓에 회복할 시간이 필요합니다.				여신 라다
QUEST_LV_0500_20210125_000459	そうしましょう。{nl}回復にそれほど長くはかからないでしょう。	그러시죠.{nl}회복하는데 오래 걸리지는 않을 겁니다.				여신 라다
QUEST_LV_0500_20210125_000460	今この瞬間も、我々はそれぞれの責任のために動いていることを忘れないでください。	여전히 우리는 각자의 책임을 위해 움직이고 있다는 걸 명심하세요.				여신 라다
QUEST_LV_0500_20210125_000461	そうですね…...{nl}ゴッドベース街道なら森の内側に続く道です。	그렇군요..{nl}갓베스 가도라면 숲의 안쪽으로 이어지는 길입니다.				여신 라다
QUEST_LV_0500_20210125_000462	ゴッドベース街道に向かう必要がありそうですね。	갓베스 가도로 가 볼 필요가 있겠군요.				여신 라다
QUEST_LV_0500_20210125_000463	私にはもう少し時間が必要です。	저는 아직 시간이 조금 더 필요합니다.				여신 라다
QUEST_LV_0500_20210125_000464	どの道、我々はそれぞれがやるべきことをやっているだけですので、{nl}啓示者様が先に向かってもなんの問題もないでしょう。	어차피 우리는 각자가 해야할 일을 하고 있을 뿐이니,{nl}계시자님 께서 먼저 가셔도 괜찮습니다.				여신 라다
QUEST_LV_0500_20210125_000465	分かりました。{nl}私も回復次第向かいます。	알겠습니다.{nl}저도 회복되는대로 따라가겠습니다.				여신 라다
QUEST_LV_0500_20210125_000466	ゴッドベース街道にもマティネスの亀裂があります。{nl}ゴッドベース街道に先に向かってください。	갓베스 가도에도 머티니스 균열이 있습니다.{nl}갓베스 가도로 먼저 가세요				여신 라다
QUEST_LV_0500_20210125_000467	私も回復次第向かいますから。	저도 회복되는대로 따라가겠습니다.				여신 라다
QUEST_LV_0500_20210125_000468	車輪の跡がイサウゴティ森の方向に向かっている。	수레 바퀴 자국의 방향이 이사우고티 숲을 향하고있다				PC
QUEST_LV_0500_20210125_000469	ここに来ると思っていました。{nl}この中に通じる深い森からマティネスの力が染みだしています。	이쪽으로 오실 줄 알았습니다.{nl}이 앞으로 들어가는 깊은 숲에서 너무 많은 머티니스의 힘이 흘러나오고 있습니다.				여신 라다
QUEST_LV_0500_20210125_000470	マティネス 貯蔵所がこの内側に絶対あるはずです。{nl}緊迫な状況であることは確かですが、{nl}思っていたよりも事態が大きくなりつつありますので一度整えるためにもライマの聖域に一時帰還するほうが良いでしょう。	분명 머티니스 저장소는 이 안쪽에 있을 겁니다.{nl}상황이 위급한 건 사실이지만,{nl}생각보다 일이 커지고 있으니 재정비를 위해 잠시 라이마의 성소로 돌아가는 게 좋겠습니다.				여신 라다
QUEST_LV_0500_20210125_000471	では、{nl}ライマの聖域で会いましょう。	그럼,{nl}라이마의 성소에서 다시 뵙죠.				여신 라다
QUEST_LV_0500_20210125_000472	準備してください。	준비하세요..				뮬리아
QUEST_LV_0500_20210125_000473	災厄が近づいてきています。	재앙이 오고 있습니다..				뮬리아
QUEST_LV_0500_20210125_000474	人間を破滅させるでしょう...	인간들은 파멸할 거예요..				뮬리아
QUEST_LV_0500_20210125_000475	気を付けて...	조심..				라이마
QUEST_LV_0500_20210125_000476	どうか...{nl}気を付けて...	부디..{nl}조심..				라이마
QUEST_LV_0500_20210125_000477	あなたが持って行くべきものが…{nl}良ければ...{nl}目をつむってください...	당신이 가져가야할 게..{nl}괜찮으시다면..{nl}눈을 감아주세요..				라이마
QUEST_LV_0500_20210125_000478	もう少し休めると良いでしょう。	조금 더 쉴 수 있으면 좋겠어요.				뮬리아
QUEST_LV_0500_20210125_000479	不吉な気配が溢れ出ている箱だ。{nl}採掘したマティネスを保管中のようだ。	불길한 기운이 뿜어져 나오는 상자다.{nl}채굴한 머티니스를 보관 중인 것 같다.				안내
QUEST_LV_0500_20210125_000480	先ほど確認したあの箱の山に爆弾を設置しよう。	방금 발견한 저 상자 더미에 폭탄을 설치하자.				PC
QUEST_LV_0500_20210125_000481	{nl}無事爆弾を設置できたようだ。	{nl}무사히 폭탄을 설치한 것 같다.				PC
QUEST_LV_0500_20210125_000482	ソゴマス執行者	소거마스 집행자				
QUEST_LV_0500_20210125_000483	注視者様の大事なマティネスを欲しがる泥棒野郎は貴様か？	주시자님의 소중한 머티니스를 탐내는 도둑이 네 녀석인가?				소거마스 집행자
QUEST_LV_0500_20210125_000484	今から泥棒に対する死刑を執行する！	지금부터 도둑에 대한 사형을 집행하겠다!				소거마스 집행자
QUEST_LV_0500_20210125_000485	[王国再建団]オルシャ担当者	[왕국 재건단] 오르샤 담당인				
QUEST_LV_0500_20210125_000486	私たちの噂をお聞きしたのですか？{nl}ちょうど私たちも啓示者様の噂を耳にしたところです。	저희에 대한 소식을 들으셨다구요?{nl}마침 저희도 계시자님에 대한 소문을 들었습니다.				[왕국 재건단] 오르샤 담당인
QUEST_LV_0500_20210125_000487	私たちは王国再建団という名で一つに集まった組織です。{nl}私たちは、神樹の日によって崩壊した王国と世界をもう一度復興させるため集まりました。	저희는 왕국 재건단이라는 이름으로 뭉쳐있습니다.{nl}우리는 신수의 날로 인해 무너진 왕국과 세계를 다시 일으키기 위해 모였죠.				[왕국 재건단] 오르샤 담당인
QUEST_LV_0500_20210125_000488	姿を消した女神たちの返事を待つより、我々人間自らが王国を再建しなければなりません。	사라진 여신들의 대답을 기다리기보다, 우리 인간들 스스로 왕국을 재건해야 합니다.				[왕국 재건단] 오르샤 담당인
QUEST_LV_0500_20210125_000489	あ、誤解はしないでください。{nl}私たちももちろん女神様に対する信仰を捨てたわけではありません。{nl}ただこの今の状況が、もしかしたら、女神様が人間がより強くなることを望んだ結果なのかもしれません。	아, 그러나 오해하진 마세요.{nl}우리도 역시 여신들에게 신앙심을 가진 사람들입니다.{nl}다만 지금 이 상황이 어쩌면 여신들께서 인간들이 스스로 더 강해지길 바라시기 때문일 수도 있죠.				[왕국 재건단] 오르샤 담당인
QUEST_LV_0500_20210125_000490	なので、私たち王国再建団は大陸はもちろん、世界あちこちに派遣され現場の問題を助けるために最善を尽くしています。	그래서 우리 왕국 재건단은 대륙은 물론 세계 곳곳으로 파견되어 현장의 문제를 돕는데 최선을 다하고 있습니다.				[왕국 재건단] 오르샤 담당인
QUEST_LV_0500_20210125_000491	啓示者様の活躍はお聞き及びました。{nl}啓示者様が私たちを助けてくださればきっと大きな力になるでしょう。	계시자님의 이야기는 익히 들었습니다.{nl}계시자님께서 저희를 도와주신다면 큰 힘이 될 겁니다.				[왕국 재건단] 오르샤 담당인
QUEST_LV_0500_20210125_000492	現場に派遣されている王国再建団団員達に会ってみてください。{nl}彼等は啓示者様のお力を必要とするでしょう。	각 현장에 파견되어 있는 왕국 재건단 단원들을 만나보세요.{nl}그들이 계시자님을 필요로 할 겁니다.				[왕국 재건단] 오르샤 담당인
QUEST_LV_0500_20210125_000493	[王国再建団]オルシャ派遣兵	[왕국 재건단] 오르샤 파견병				
QUEST_LV_0500_20210125_000494	啓示者様から助力頂けれるのなら、そのご恩は決して忘れません。{nl}啓示者様の英雄譚は世界の隅隅まで届くことになるでしょう。	계시자님께서 저희를 도와주신다면 반드시 상응하는 보답을 하겠습니다.{nl}계시자님의 영웅담은 세계 각지로 뻗어나가게 될 겁니다.				[왕국 재건단] 오르샤 파견병
QUEST_LV_0500_20210125_000495	[王国再建団]オルシャ志願兵	[왕국 재건단] 오르샤 자원병				
QUEST_LV_0500_20210125_000496	神樹の日以後から悲嘆に暮れた大陸をもう一度復興させることができるのは、我々人間たちの結束力です。{nl}我々皆が王国を再び復興させるための戦いがすぐに始まることでしょう。{nl}啓示者様も一緒にやりましょう！	신수의 날 이후로 비탄에 빠진 대륙을 다시 일으킬 수 있는 건 바로 우리 인간들의 결속력입니다.{nl}곧 우리 모두가 왕국을 일으키기 위해 싸울 겁니다.{nl}계시자님께서도 함께 하시죠.				[왕국 재건단] 오르샤 자원병
QUEST_LV_0500_20210125_000497	[王国再建団]オルシャ調査員	[왕국 재건단] 오르샤 조사원				
QUEST_LV_0500_20210125_000498	私たち王国再建団は危機に瀕した人たちを助けるため、災難の現場を持続的に調査中です。{nl}ここも相当ひどい状況ですね。	저희 왕국 재건단이 위기에 빠진 사람들을 도울 수 있도록 재난 현장을 지속적으로 조사 중 입니다.{nl}여기도 만만치 않게 엉망이군요.				[왕국 재건단] 오르샤 조사원
QUEST_LV_0500_20210125_000499	[王国再建団]オルシャ医療志願兵	[왕국 재건단] 오르샤 의료지원병				
QUEST_LV_0500_20210125_000500	常に最善を尽くすように努力しておりますが、死んでゆく兵士たちの姿を見るたびに胸が痛みます。{nl}どうか彼らの魂が女神アウシュリネに戻れるように願っております。	항상 최선을 다하고 있지만 죽어가는 병사들의 모습을 볼 때면 가슴이 아려오네요.{nl}부디 그들의 영혼이 아우슈리네 여신에게 돌아갈 수 있기를 바라고 있어요.				[왕국 재건단] 오르샤 의료지원병
QUEST_LV_0500_20210125_000501	[王国再建団]オルシャ伝令	[왕국 재건단] 오르샤 전령				
QUEST_LV_0500_20210125_000502	戦闘地域で兵士たちが見捨てられるようなことが起こらないように本部との連絡を続けなければなりません。{nl}しかし魔族たちの包囲網を突破することは並大抵のことではありませんね。	전투 지역에 병사들이 버려지지 않도록 본부와의 연락을 계속해야 합니다.{nl}그러나 마족들의 포위망을 뚫는 건 여간 쉬운일이 아니군요.				[왕국 재건단] 오르샤 전령
QUEST_LV_0500_20210125_000503	魔神ギルティネが残したもの	길티네가 남긴 것				
QUEST_LV_0500_20210125_000504	目を瞑る	눈을 감는다				
QUEST_LV_0500_20210125_000505	目を瞑らない	눈을 감지 않는다				
QUEST_LV_0500_20210125_000506	危機に瀕したオルシャ	위기에 빠진 오르샤				
QUEST_LV_0500_20210125_000507	オルシャを助ける	오르샤를 돕겠다고 한다				
QUEST_LV_0500_20210125_000508	もう少し悩む必要がある	생각이 필요하다고 한다				
QUEST_LV_0500_20210125_000509	女神の呼びかけ	여신의 부름				
QUEST_LV_0500_20210125_000510	調査開始(1)	조사 개시(1)				
QUEST_LV_0500_20210125_000511	もう少し時間が必要だ	조금 더 시간이 필요하다고 한다				
QUEST_LV_0500_20210125_000512	調査開始(2)	조사 개시(2)				
QUEST_LV_0500_20210125_000513	ランドルマの休憩所で会おう	란돌루마 쉼터에서 만나자고 한다				
QUEST_LV_0500_20210125_000514	調査開始(3)	조사 개시(3)				
QUEST_LV_0500_20210125_000515	アダタ街道に向かう	아다타 가도로 향하겠다고 한다				
QUEST_LV_0500_20210125_000516	他の仕事を先にやった後に来る	다른 일을 먼저 하고 오겠다고 한다				
QUEST_LV_0500_20210125_000517	彼らの目的は	그들의 목적은				
QUEST_LV_0500_20210125_000518	マルコス伐採地を調査する	말코스 벌목지를 조사하겠다고 한다				
QUEST_LV_0500_20210125_000519	重ね橋の森の採掘施設	덧댄다리 숲의 채굴 시설				
QUEST_LV_0500_20210125_000520	オルシャの回復が優先なので一緒に戦う	오르샤의 회복이 우선이니 함께 싸우겠다고 한다				
QUEST_LV_0500_20210125_000521	他の神たちと絡まりたくない。	더는 신들과 엮이고 싶지 않다고 한다				
QUEST_LV_0500_20210125_000522	オルシャを守るため	오르샤를 수호하기 위해				
QUEST_LV_0500_20210125_000523	オルシャに向かう魔族たちを阻止する。	오르샤로 가는 마족들을 저지하겠다고 한다				
QUEST_LV_0500_20210125_000524	他の場所の仕事を先に処理する。	다른 곳의 일을 우선 처리하겠다고 한다				
QUEST_LV_0500_20210125_000525	亀裂調査	균열 조사				
QUEST_LV_0500_20210125_000526	ジベニー大路に向かうところだ。	지베니 대로로 갈 참이었다고 한다				
QUEST_LV_0500_20210125_000527	他の場所の仕事を先に解決する。	다른 곳의 일을 먼저 해결하겠다고 한다				
QUEST_LV_0500_20210125_000528	魔力の根源	마력의 근원지				
QUEST_LV_0500_20210125_000529	モルコス農場に向かうつもりだ。	모르꼬스 농장으로 갈 생각이라고 한다				
QUEST_LV_0500_20210125_000530	今は再整備が必要だ。	지금은 재정비가 필요하다고 한다				
QUEST_LV_0500_20210125_000531	黒い水晶破壊	검은 수정 파괴				
QUEST_LV_0500_20210125_000532	女神ラダの祝福を使用する。	라다 여신의 축복을 사용한다				
QUEST_LV_0500_20210125_000533	危険そうなのでやめる。	위험해 보이니 그만둔다				
QUEST_LV_0500_20210125_000534	また別の黒い水晶	또 다른 검은 수정				
QUEST_LV_0500_20210125_000535	亀裂を調査する。	균열을 조사한다				
QUEST_LV_0500_20210125_000536	今は他のことをする。	지금은 다른 일을 한다				
QUEST_LV_0500_20210125_000537	最後の黒い水晶破壊	마지막 검은 수정 파괴				
QUEST_LV_0500_20210125_000538	黒い水晶を攻撃する。	검은 수정을 공격한다				
QUEST_LV_0500_20210125_000539	危険なのでやめる。	위험하니 그만둔다				
QUEST_LV_0500_20210125_000540	注視者の目的	주시자의 목적				
QUEST_LV_0500_20210125_000541	マティネス貯蔵所を破壊すると敵に大きなダメージを与えることができる。	머티니스 저장소를 파괴하면 적에게 큰 타격을 줄 수 있다고 한다				
QUEST_LV_0500_20210125_000542	まずは再整備する。	우선 재정비를 하겠다고 한다				
QUEST_LV_0500_20210125_000543	パウフィスの渡し場を占拠した勢力(1)	파우피스 나루를 점거한 세력들(1)				
QUEST_LV_0500_20210125_000544	パウフィスの渡し場の状況を聞きたい。	파우피스 나루의 상황을 듣고 싶다고 한다				
QUEST_LV_0500_20210125_000545	もっと緊急なことがある。	보다 더 급한 일이 있다고 한다				
QUEST_LV_0500_20210125_000546	パウフィスの渡し場を占拠した勢力(2)	파우피스 나루를 점거한 세력들(2)				
QUEST_LV_0500_20210125_000547	オルシャを攻撃した魔族たちを討伐する。	오르샤를 공격한 마족들을 처치하겠다고 한다				
QUEST_LV_0500_20210125_000548	今は急いでいかなければならない所がある。	지금은 급히 가봐야 할 곳이 있다고 한다				
QUEST_LV_0500_20210125_000549	パウフィスの渡し場を占拠した勢力(3)	파우피스 나루를 점거한 세력들(3)				
QUEST_LV_0500_20210125_000550	魔神ラガナの提案	라가나의 제안				
QUEST_LV_0500_20210125_000551	ロホンサの絶壁を調査しに行く。	로혼사 절벽을 조사하러 가겠다고 한다				
QUEST_LV_0500_20210125_000552	休憩する。	쉬어야겠다고 한다				
QUEST_LV_0500_20210125_000553	魔王ヴァイガの提案	바이가의 제안				
QUEST_LV_0500_20210125_000554	目的を聞く。	목적을 묻는다				
QUEST_LV_0500_20210125_000555	黙って場を離れる。	묵묵히 자리를 떠난다				
QUEST_LV_0500_20210125_000556	神樹の根元について聞く。	신수의 뿌리에 대해 묻는다				
QUEST_LV_0500_20210125_000557	マティネスのゆくえ(1)	머티니스의 행방(1)				
QUEST_LV_0500_20210125_000558	その間に周辺のマティネスの亀裂を調査する。	그동안 근처의 머티니스 균열을 조사하겠다고 한다				
QUEST_LV_0500_20210125_000559	ちょうど他の仕事があるので休んでいろ。	마침 다른 일이 있으니 쉬고 있으라고 한다				
QUEST_LV_0500_20210125_000560	マティネスのゆくえ(2)	머티니스의 행방(2)				
QUEST_LV_0500_20210125_000561	まずはゴッドベース街道に行く。	먼저 갓베스 가도로 가겠다고 한다				
QUEST_LV_0500_20210125_000562	急ぐ必要がない。	서두를 필요가 없다고 한다				
QUEST_LV_0500_20210125_000563	マティネスのゆくえ(3)	머티니스의 행방(3)				
QUEST_LV_0500_20210125_000564	良い意見だ。	좋은 의견이라고 한다				
QUEST_LV_0500_20210125_000565	あまりいい考えではない。	좋지 않은 생각이라고 한다				
QUEST_LV_0500_20210125_000566	[週間]殲滅 - 変異型モンスター	[주간] 섬멸 - 변이형 몬스터				
QUEST_LV_0500_20210125_000567	[週間]殲滅 - 昆虫、悪魔、植物型モンスター	[주간] 섬멸 - 곤충, 악마, 식물형 몬스터				
QUEST_LV_0500_20210125_000568	[週間]殲滅 - 野獣型モンスター	[주간] 섬멸 - 야수형 몬스터				
QUEST_LV_0500_20210125_000569	[週間]殲滅 - 大型モンスター	[주간] 섬멸 - 대형 몬스터				
QUEST_LV_0500_20210125_000570	[週間]殲滅 - 中型モンスター	[주간] 섬멸 - 중형 몬스터				
QUEST_LV_0500_20210125_000571	[週間]殲滅 - 小型モンスター	[주간] 섬멸 - 소형 몬스터				
QUEST_LV_0500_20210125_000572	[週間]殲滅 - オルシャ浄化	[주간] 섬멸 - 오르샤 정화				
QUEST_LV_0500_20210125_000573	[週間]征服 - ヴェルニケの破片ダンジョン	[주간] 정복 - 베르니케 파편 던전				
QUEST_LV_0500_20210125_000574	[週間]征服 - アシスターダンジョン	[주간] 정복 - 어시스터 던전				
QUEST_LV_0500_20210125_000575	[週間]征服 - 1人レイド	[주간] 정복 - 1인 레이드				
QUEST_LV_0500_20210125_000576	[週間]征服 - レジェンドレイド	[주간] 정복 - 레전드 레이드				
QUEST_LV_0500_20210125_000577	[週間]征服 - 週間ボスレイド	[주간] 정복 - 주간 보스 레이드				
QUEST_LV_0500_20210125_000578	[週間]先鋒 - 協同戦	[주간] 선봉 - 협동전				
QUEST_LV_0500_20210125_000579	[週間]先鋒 - レベルダンジョン	[주간] 선봉 - 레벨 던전				
QUEST_LV_0500_20210125_000580	[週間]先鋒 - チャレンジ	[주간] 선봉 - 챌린지				
QUEST_LV_0500_20210125_000581	[週間]先鋒 - 分裂特異点	[주간] 선봉 - 분열 특이점				
QUEST_LV_0500_20210125_000582	[デイリー]修復 - レンパリサ池	[일일] 수복 - 렘파라사 연못				
QUEST_LV_0500_20210125_000583	[デイリー]修復 - 重ね橋の森	[일일] 수복 - 덧댄다리 숲				
QUEST_LV_0500_20210125_000584	[デイリー]修復 - パウフィスの渡し場	[일일] 수복 - 파우피스 나루				
QUEST_LV_0500_20210125_000585	[デイリー]修復 - イサウゴティ森	[일일] 수복 - 이사우고티 숲				
QUEST_LV_0500_20210125_000586	[デイリー]修復 - キルティマス森	[일일] 수복 - 키르티마스 숲				
QUEST_LV_0500_20210125_000587	[デイリー]回収 - レンパリサ池	[일일] 회수 - 렘파라사 연못				
QUEST_LV_0500_20210125_000588	[デイリー]回収 - 重ね橋の森	[일일] 회수 - 덧댄다리 숲				
QUEST_LV_0500_20210125_000589	[デイリー]回収 - パウフィスの渡し場	[일일] 회수 - 파우피스 나루				
QUEST_LV_0500_20210125_000590	[デイリー]回収 - イサウゴティ森	[일일] 회수 - 이사우고티 숲				
QUEST_LV_0500_20210125_000591	[デイリー]回収 - キルティマス森	[일일] 회수 - 키르티마스 숲				
QUEST_LV_0500_20210125_000592	[反復]救援 - 世界 浄化	[반복] 구원 - 세계 정화				
QUEST_LV_0500_20210125_000593	[反復]救援 - レジェンドレイド	[반복] 구원 - 레전드 레이드				
QUEST_LV_0500_20210125_000594	[反復]救援 - チャレンジ	[반복] 구원 - 챌린지				
QUEST_LV_0500_20210125_000595	下準備	사전 준비				
QUEST_LV_0500_20210125_000596	方法を探して	방법을 찾아서				
QUEST_LV_0500_20210125_000597	思い浮かんだ人がいる。	생각나는 사람이 있다고 한다.				
QUEST_LV_0500_20210125_000598	よく分からない。	잘 모르겠다고 한다.				
QUEST_LV_0500_20210125_000599	マティネス 貯蔵所	머티니스 저장소				
QUEST_LV_0500_20210125_000600	イサウゴティ森にすぐ出発する。	이사우고티 숲으로 바로 출발하겠다고 한다.				
QUEST_LV_0500_20210125_000601	以夷制夷(1)	이이제이(1)				
QUEST_LV_0500_20210125_000602	少し待ってくれ。	잠시만 기다려달라고 한다.				
QUEST_LV_0500_20210125_000603	以夷制夷(2)	이이제이(2)				
QUEST_LV_0500_20210125_000604	伝えて来る。	전달하고 오겠다고 한다.				
QUEST_LV_0500_20210125_000605	まだやることが残っている。	아직 할 것이 남았다고 한다.				
QUEST_LV_0500_20210125_000606	以夷制夷(3)	이이제이(3)				
QUEST_LV_0500_20210125_000607	以夷制夷(4)	이이제이(4)				
QUEST_LV_0500_20210125_000608	マティネス貯蔵所を調査して来る。	머티니스 저장소를 살펴보고 오겠다고 한다.				
QUEST_LV_0500_20210125_000609	まだその時ではない。	아직 때가 아닌 것 같다고 한다.				
QUEST_LV_0500_20210125_000610	以夷制夷(5)	이이제이(5)				
QUEST_LV_0500_20210125_000611	発破	발파				
QUEST_LV_0500_20210125_000612	消滅したマティネス(1)	소멸한 머티니스(1)				
QUEST_LV_0500_20210125_000613	消滅したマティネス(2)	소멸한 머티니스(2)				
QUEST_LV_0500_20210125_000614	消滅したマティネス(3)	소멸한 머티니스(3)				
QUEST_LV_0500_20210125_000615	消滅したマティネス(4)	소멸한 머티니스(4)				
QUEST_LV_0500_20210125_000616	伝えに行く。	전하러 가겠다고 한다.				
QUEST_LV_0500_20210125_000617	まだここでやるべきことが残っている。	아직 이곳에 볼일이 남았다고 한다.				
QUEST_LV_0500_20210125_000618	消滅したマティネス(5)	소멸한 머티니스(5)				
QUEST_LV_0500_20210125_000619	終わらない威脅	끝나지 않은 위협				
QUEST_LV_0500_20210125_000620	王国再建団	왕국 재건단				
QUEST_LV_0500_20210125_000621	王国再建団を助ける。	왕국 재건단을 후원하고 돕겠다고 한다				
QUEST_LV_0500_20210125_000622	彼らを信用できない。	당신들을 믿을 수 없다고 한다				
QUEST_LV_0500_20210125_000623	ライマの聖域で女神ライマに会う。	라이마의 성소에서 라이마를 만나기				
QUEST_LV_0500_20210125_000624	ライマの聖域に女神ライマに会ってください。	라이마의 성소에서 라이마를 만나세요				
QUEST_LV_0500_20210125_000625	祭壇に近寄る。	제단으로 다가가기				
QUEST_LV_0500_20210125_000626	ライマの聖域の内部に到達しました。{nl}祭壇に近寄ってください。	라이마의 성소 내부로 들어왔습니다{nl}제단으로 다가가세요				
QUEST_LV_0500_20210125_000627	白き魔女の森(ユニーク)で調査を行う。	하얀 마녀의 숲(유니크)에서 조사를 진행하기.	QUEST_LV_0500_20200724_000201	白き魔女の森で調査を進める	하얀 마녀의 숲에서 조사를 진행하기.	
QUEST_LV_0500_20210125_000628	オルシャの領主イネッサ・へモンデールを訪ねる。	오르샤의 영주 이네사 헤먼데일을 찾아가기				
QUEST_LV_0500_20210125_000629	オルシャに異変が起こりました。{nl}オルシャの領主イネッサ・へモンデールは啓示者たちを含むあなたに助けを求めるためあなたを探しています。	오르샤에 이변이 일어났습니다{nl}오르샤의 영주인 이네사 헤먼데일은 계시자들을 비롯한 당신에게 급한 도움을 부탁하기 위해 당신을 찾고 있습니다				
QUEST_LV_0500_20210125_000630	オルシャに異変が起こりました。{nl}オルシャの領主イネッサ・へモンデールは啓示者たちを含むあなたに助けを求めるためあなたを探しています。	오르샤에 이변이 일어났습니다{nl}오르샤의 영주인 이네사 헤먼데일은 계시자들을 비롯한 당신에게 급한 도움을 부탁하기 위해 당신을 찾고있습니다				
QUEST_LV_0500_20210125_000631	オルシャに異変が起こりました。{nl}オルシャの領主イネッサ・へモンデールは啓示者たちを含むあなたに助けを求めるためあなたを探しています。	오르샤에 이변이 일어났습니다{nl}오르샤의 영주인 이네사 헤먼데일은 계시자들을 비롯, 당신에게 급한 도움을 부탁하기 위해 당신을 찾고있습니다				
QUEST_LV_0500_20210125_000632	ライマの聖域で女神ラダに会う。{nl}ライマの聖域はクラペダ、オルシャ、フェディミアンの女神像で移動できます。	라이마의 성소에서 라다 여신을 만나기{nl}라이마의 성소는 클라페다, 오르샤, 페디미안의 여신상으로 이동할 수 있습니다				
QUEST_LV_0500_20210125_000633	イネッサ・へモンデールは本格的な戦闘の前に、誰かが啓示者を探しているのでライマの聖域に向かってみることを提案しました。{nl}クラペダ、オルシャ、フェディミアンの女神像を利用してライマの聖域に移動してください。	이네사 헤먼데일은 본격적인 전투에 앞서, 당신을 찾는 존재가 있으니 라이마의 성소로 가보라고 합니다{nl}클라페다, 오르샤, 페디미안의 여신상을 이용해 라이마의 성소로 이동하세요				
QUEST_LV_0500_20210125_000634	レンパリサ池で女神ラダを探す。	렘파라사 연못에서 라다 여신을 찾기				
QUEST_LV_0500_20210125_000635	女神ラダはレンパリサ池で待っています。{nl}レンパリサ池で女神ラダと会話してください。	라다 여신은 렘파라사 연못에서 기다리고 있습니다{nl}렘파라사 연못에서 라다 여신과 대화하세요				
QUEST_LV_0500_20210125_000636	女神ラダと会話する。	라다 여신과 대화하기				
QUEST_LV_0500_20210125_000637	ここでやるべきことを確認するため女神ラダと会話してください。	이곳에서 해야 할 일을 찾기 위해 라다 여신과 대화하세요				
QUEST_LV_0500_20210125_000638	周辺の魔族を討伐して魔族が集めているものを探す。	주변의 마족을 처치하여 마족이 모으고 있는 물건을 찾아오기				
QUEST_LV_0500_20210125_000639	女神ラダは周辺の魔族を討伐して魔族たちがオルシャ周辺で集めているものについて調べてくることを頼みました。	라다 여신은 주변의 마족을 처치하고 마족들이 오르샤 일대에서 모으고 있는 것을 알아 와 주길 부탁했습니다				
QUEST_LV_0500_20210125_000640	魔族が集めているものと推測される正体不明の鉱石を獲得しました。{nl}持ち帰り女神ラダにこの正体不明の物質を渡しましょう。	마족이 모으고 있는 물건으로 추정되는 정체불명의 광석을 획득했습니다{nl}라다 여신에게 가져가 정체불명의 물질을 보여주세요				
QUEST_LV_0500_20210125_000641	魔族たちを討伐すると、彼らの所持品の中から正体不明の鉱石を発見しました。{nl}一目見ても危険そうな鉱石です。{nl}持ち帰り女神ラダに渡して正体を聞いてみましょう。	마족들을 처치하자 그들의 소지품 속에서 정체불명의 광석을 발견했습니다{nl}한 눈에 보기에도 위험해 보이는 광석입니다{nl}라다 여신에게 가져가 정체를 물어보세요				
QUEST_LV_0500_20210125_000642	%s討伐後に目的達成	%s 처치 후 목표 획득				
QUEST_LV_0500_20210125_000643	女神ラダに次にやることについて聞いてみましょう。	라다 여신에게 다음 해야 할 일에 관해 물어보세요				
QUEST_LV_0500_20210125_000644	ランドルマの休憩所で女神ラダの魔族尋問を手伝う。	란돌루마 쉼터에서 라다 여신의 마족 심문을 돕기				
QUEST_LV_0500_20210125_000645	女神ラダはオルシャに侵攻した魔族たちの計画を暴くため、魔族たちを利用することにします。{nl}ランドルマの休憩所の隅っこで魔族たちを調査してください。	라다 여신은 오르샤를 침공한 마족들의 계획을 밝히기 위해 마족들을 이용하자고 합니다{nl}란돌루마 쉼터의 외진 곳에서 마족들을 조사하세요				
QUEST_LV_0500_20210125_000646	魔族たちを討伐し、女神ラダが魔族の魂から記憶を読み取りました。{nl}女神ラダが何に気づいたか聞いてみて下さい。	마족들을 처치하고 라다 여신이 마족의 영혼을 통해 기억을 읽어냈습니다{nl}라다 여신이 무엇을 알아냈는지 물어보세요				
QUEST_LV_0500_20210125_000647	女神ラダが深く考え込んでいます。{nl}女神ラダに魔族たちの魂から読み取った記憶が何なのか聞いてみて下さい。	라다 여신이 생각에 잠겨 있습니다{nl}라다 여신에게 마족들의 영혼으로부터 읽은 기억이 무엇인지 물어보세요				
QUEST_LV_0500_20210125_000648	魔族たちの魂を集めてアダタ街道にいる女神ラダに持っていく。	마족들의 영혼을 모아 아다타 가도에 있는 라다 여신에게 가져가기				
QUEST_LV_0500_20210125_000649	女神ラダは魔族たちの魂から注視者の気配を感じ取りました。{nl}注視者が絡んでいる分、状況はより深刻であるため、女神ラダは更に多くの情報が必要だそうです。{nl}アダタ街道で魔族を討伐して残留した魔族の魂に女神ラダの祝福を使用すると、魔族の魂が浄化され女神ラダが魂の記憶を読み取れるようになります。	라다 여신은 마족들의 영혼으로부터 주시자의 기운을 읽었습니다{nl}주시자가 엮여 있는 만큼 더 심각해진 상황에 라다 여신은 더 많은 정보가 필요하다고 합니다{nl}아다타 가도에서 마족을 처치하고 잔류한 마족의 영혼에 라다 여신의 축복을 사용하면, 마족의 영혼이 정화되어 라다 여신이 영혼의 기억을 읽을 수 있습니다				
QUEST_LV_0500_20210125_000650	女神ラダに結果を聞く。	라다 여신에게 결과를 묻기				
QUEST_LV_0500_20210125_000651	十分な魔族の魂を浄化させ、女神ラダに送りました。{nl}女神ラダと会って確認してことについて聞いてください。	충분한 마족의 영혼을 정화했고 라다 여신에게 보냈습니다{nl}라다 여신에게 찾아가 알아낸 게 있는지 물어보세요				
QUEST_LV_0500_20210125_000652	女神ラダと次の目標について話してください。	라다 여신과 다음 목표에 관해 이야기하세요				
QUEST_LV_0500_20210125_000653	女神ラダは魔族の記憶から注視者の目的を知ることができました。{nl}女神ラダと次の目標について話し合ってください。	라다 여신은 마족의 기억으로부터 주시자의 목적을 알아냈습니다{nl}라다 여신과 다음 목표에 관해 이야기하세요				
QUEST_LV_0500_20210125_000654	マルコス伐採地で正体不明の亀裂を調査する。	말코스 벌목지에서 정체불명의 균열을 조사하기				
QUEST_LV_0500_20210125_000655	一方、女神ラダは魔族の記憶から見慣れない亀裂を目撃したそうだ。{nl}女神ラダは先に重ね橋の森に向かったので、マルコス伐採地を調査したあと、何かを発見したら重ね橋の森で女神ラダに会って渡そう。	라다 여신은 한편으로, 마족의 기억으로부터 낯선 균열을 목격했다고 한다{nl}라다 여신은 먼저 덧댄다리 숲으로 향했으니 말코스 벌목지를 조사 후 무엇이든 발견하면 덧댄다리 숲에서 라다 여신을 만나 건네주자				
QUEST_LV_0500_20210125_000656	重ね橋の森で女神ラダに会う。	덧댄다리 숲에서 라다 여신을 만나기				
QUEST_LV_0500_20210125_000657	正体不明の亀裂を調査中に出現したリープスナファイヤーバグを討伐しリープスナファイヤーバグの頭に生えた水晶を一部取り外しました。{nl}持ち帰り女神ラダに見せた方が良さそうです。	정체불명의 균열을 조사 중 나타난 리프스나 파이어버그를 처치했고, 리프스나 파이어버그의 머리에 솟아난 수정을 일부 떼어냈습니다{nl}라다 여신에게 가져가 보여주는 게 좋겠습니다				
QUEST_LV_0500_20210125_000658	マルコス伐採地を調査後に証拠獲得	말코스 벌목지 조사 후 증거 획득				
QUEST_LV_0500_20210125_000659	襲撃した%s討伐	습격한 %s 처치				
QUEST_LV_0500_20210125_000660	女神ラダに重ね橋の森での計画を聞く。	라다 여신에게 덧댄 다리 숲에서의 계획을 듣기				
QUEST_LV_0500_20210125_000661	無事重ね橋の森に到着しました。{nl}女神ラダは先にここに到着して重ね橋の森の状況を把握したようです。{nl}持ち帰った水晶の欠片に関する情報と女神ラダが何を目撃したかについて聞いてください。	무사히 덧댄다리 숲에 도착했습니다{nl}라다 여신은 앞서 이곳에 와서 덧댄다리 숲의 정황을 살핀 듯합니다{nl}당신이 가져온 수정 조각에 대한 것과 라다 여신이 무엇을 봤는지 물어보세요				
QUEST_LV_0500_20210125_000662	重ね橋の森にはレンパリサ池で目撃した亀裂がより多くあるように見えます。{nl}相変わらず光と煙を吐き出す亀裂の中で、魔族たちがマティネスを採掘中であることを確認しました。{nl}女神ラダと話してください。	덧댄다리 숲에는 렘파라사 연못에서 보았던 균열이 더 많아 보입니다{nl}여전히 빛과 연기를 뿜어내는 균열 속에서 마족들이 머티니스를 채굴 중이었습니다{nl}라다 여신과 대화하세요				
QUEST_LV_0500_20210125_000663	女神ラダは過去の過ちにケリをつけるため、啓示者であるあなたはオルシャを守護する任務のために一緒に行動することになりました。{nl}女神ラダに計画について聞いてください。	라다 여신은 과거 일로, 당신은 오르샤 수호의 임무로 함께 움직이기로 했습니다{nl}라다 여신에게 계획을 물어보세요				
QUEST_LV_0500_20210125_000664	重ね橋の森進入路の魔族討伐	덧댄다리 숲 진입로의 마족 처치				
QUEST_LV_0500_20210125_000665	啓示者であるあなたは重ね橋の森の魔族たちがレンパリサ池に移動することを阻止するため、魔族たちを討伐しなければなりません。	당신은 덧댄다리 숲의 마족들이 렘파라사 연못으로 이동하는 걸 저지하기 위해 마족들을 처치해야 합니다				
QUEST_LV_0500_20210125_000666	女神ラダに会いに帰る。	라다 여신에게 돌아가기				
QUEST_LV_0500_20210125_000667	重ね橋の森とレンパリサ池に繋がる通路付近の魔族たちを一部討伐しました。{nl}女神ラダに会いに戻ってください。	덧댄다리 숲과 렘파라사 연못이 이어진 통로 부근 마족들을 일부 정리했습니다{nl}라다 여신에게 돌아가세요				
QUEST_LV_0500_20210125_000668	進入路の魔族討伐	진입로의 마족 처치				
QUEST_LV_0500_20210125_000669	レンパリサ池に通じる進入路は整理しました。{nl}啓示者であるあなたはこれから重ね橋の森의魔族たちを討伐しなければなりませんが、今後も女神ラダが共に行動する予定か聞いてください。	렘파라사 연못으로 가는 진입로는 정리했습니다{nl}당신은 이제 덧댄 다리 숲의 마족들을 소탕해야 하며, 라다 여신에게 가는 길이 같을지 이야기해 보세요				
QUEST_LV_0500_20210125_000670	ジベニー大路のマティネスの亀裂調査	지베니 대로의 머티니스 균열 조사하기				
QUEST_LV_0500_20210125_000671	女神ラダはマティネスを回収するため、ジベニー大路に向かったようです。{nl}啓示者であるあなたも同じく、重ね橋の森の深い場所に向かうためにはそこを通り過ぎなければなりません。{nl}その場所にはちょうどマティネスの亀裂があるので調査する価値があります。	라다 여신은 머티니스 회수를 위해 지베니 대로로 향한다고 합니다{nl}당신 역시, 덧댄다리 숲의 깊은 곳으로 들어가기 위해서는 그곳을 지나야만 합니다{nl}마침 그곳에는 머티니스 균열이 있으니 조사할 가치가 있습니다				
QUEST_LV_0500_20210125_000672	ジベニー大路の上側で女神ラダに会う。	지베니 대로 위쪽에서 라다 여신을 만나기				
QUEST_LV_0500_20210125_000673	マティネスの亀裂を調査しました。{nl}ちょうど女神ラダもジベニー大路の上側に到着したようです。{nl}女神ラダに会いましょう。	머티니스 균열을 조사했습니다{nl}마침 라다 여신도 지베니 대로 위쪽에 도착했습니다{nl}라다 여신을 만나세요				
QUEST_LV_0500_20210125_000674	女神ラダに魔力の正体について聞く。	라다 여신에게 마력의 정체에 관해 묻기				
QUEST_LV_0500_20210125_000675	女神ラダは亀裂を溶かしている魔力の正体が注視者の魔力だと答えました。{nl}女神ラダの話をもう少し聞いてください。	라다 여신은 균열을 녹이고 있는 마력의 정체가 주시자의 마력이라고 했습니다{nl}라다 여신의 이야기를 더 들어보세요				
QUEST_LV_0500_20210125_000676	ブヴィルビッテ橋を渡りモルコス農場で魔力の根源を探す。	부뷜비떼 다리를 건너 모르꼬스 농장에서 마력의 근원지를 찾기				
QUEST_LV_0500_20210125_000677	女神ラダはマティネスの採掘を阻止するため、魔力の根源を探し出し破壊する必要があると言いました。{nl}女神ラダが落とした祝福で魔力の根源を探し出すことができそうです。	라다 여신은 머티니스 채굴을 막기 위해 마력의 근원지를 찾아 파괴할 필요가 있다고 합니다{nl}라다 여신이 떨어뜨린 축복으로 마력의 근원지를 찾을 수 있을 듯합니다				
QUEST_LV_0500_20210125_000678	注視者の黒い水晶を確認する。	주시자의 검은 수정을 확인하기				
QUEST_LV_0500_20210125_000679	女神ラダの祝福を利用して注視者の黒い水晶を探し出すことができました。{nl}破壊することができるか試してみて下さい。	라다 여신의 축복을 이용해 주시자의 검은 수정을 찾을 수 있었습니다{nl}파괴가 가능할지 살펴보세요				
QUEST_LV_0500_20210125_000680	注視者の黒い水晶を破壊する。	주시자의 검은 수정을 파괴하기				
QUEST_LV_0500_20210125_000681	女神ラダの祝福を使用して黒い水晶を破壊する。	라다 여신의 축복을 사용해 검은 수정을 파괴하기				
QUEST_LV_0500_20210125_000682	マティネスの亀裂を確認する。	머티니스 균열을 확인하기				
QUEST_LV_0500_20210125_000683	女神ラダの祝福が注視者の黒い水晶を破壊することに成功しました。{nl}マティネスの亀裂が固まったか確認してください。	라다 여신의 축복이 주시자의 검은 수정을 파괴하는 데 성공했습니다{nl}머티니스 균열이 굳었는지 확인해보세요				
QUEST_LV_0500_20210125_000684	マティネスの亀裂をもう一度調査する。	머티니스 균열을 다시 조사하기				
QUEST_LV_0500_20210125_000685	モルコス農場で注視者の黒い水晶を破壊しましたが、ジベニー大路のマティネスの亀裂は相変わらず沸いてました。{nl}ほかの黒い水晶があることは明確です。{nl}マティネスの亀裂を調査して手がかりを獲得しましょう。	모르꼬스 농장에서 주시자의 검은 수정을 파괴했지만 지베니 대로의 머티니스 균열은 여전히 끓고 있었습니다{nl}다른 검은 수정이 있는 게 분명합니다{nl}머티니스 균열을 조사해 단서를 얻으세요				
QUEST_LV_0500_20210125_000686	ボナン森の道で女神ラダの祝福を使用して注視者の黒い水晶を探す。	보난 숲길에서 라다 여신의 축복을 사용해 주시자의 검은 수정 찾기				
QUEST_LV_0500_20210125_000687	マティネスの亀裂に染み込む魔力がいまだに感じられます。{nl}まだ調査していないボナン森の道で注視者の黒い水晶を探してみて下さい。	머티니스 균열로 스며드는 마력이 여전히 느껴집니다{nl}아직 조사하지 않은 보난 숲길에서 주시자의 검은 수정을 찾아보세요				
QUEST_LV_0500_20210125_000688	ボナン森の道で注視者の黒い水晶を探し出しました。{nl}もう一度女神ラダの祝福を使用して注視者の黒い水晶を破壊してください。	보난 숲길에서 주시자의 검은 수정을 찾아냈습니다{nl}다시 라다 여신의 축복을 사용하여 주시자의 검은 수정을 파괴하세요				
QUEST_LV_0500_20210125_000689	黒い水晶を破壊する。	검은 수정을 파괴하기				
QUEST_LV_0500_20210125_000690	女神ラダの祝福を失いましたが、どうにか注視者の黒い水晶を破壊しなければなりません。{nl}注視者の黒い水晶を破壊してください。	라다 여신의 축복을 잃었지만, 어떻게든 주시자의 검은 수정을 파괴해야만 합니다{nl}주시자의 검은 수정을 파괴하세요				
QUEST_LV_0500_20210125_000691	襲撃した魔族たちを討伐する。	습격한 마족들을 처치하기				
QUEST_LV_0500_20210125_000692	女神ラダはマティネスの採掘を阻止するため、注視者の黒い水晶を破壊するつもりです。{nl}その間にオルシャに侵攻した魔族たちを倒しましょう。	라다 여신은 머티니스 채굴을 막기 위해 주시자의 검은 수정을 파괴할 생각입니다{nl}당신은 오르샤를 침공한 마족들을 처리하세요				
QUEST_LV_0500_20210125_000693	オルシャに侵攻した魔族たちを相手にしている間、女神ラダは自分の目標を達成したようです。{nl}女神ラダと会話してください。	당신이 오르샤를 침공한 마족들을 상대하는 동안 라다 여신은 자신의 목표를 이룬 듯합니다{nl}라다 여신과 대화하세요				
QUEST_LV_0500_20210125_000694	女神ラダと会話してください。	라다 여신과 대화하세요				
QUEST_LV_0500_20210125_000695	女神ラダが最後の黒い水晶を破壊することに成功しました。{nl}女神ラダと話してください。	라다 여신이 마지막 검은 수정을 파괴하는 데 성공했습니다{nl}라다 여신과 이야기하세요				
QUEST_LV_0500_20210125_000696	パウフィスの渡し場に行くためボナン森の道の上り坂を登る。	파우피스 나루로 가기 위해 보난 숲길의 윗길로 올라가기				
QUEST_LV_0500_20210125_000697	女神ラダはマティネスの回収のため、啓示者であるあなたは魔族の野望を阻止するため、マティネス貯蔵所を探し破壊しなければなりません。{nl}森の深くに進むため、今はパウフィスの渡し場に向かう必要があります。	머티니스 저장소를 찾아 라다 여신은 머티니스의 회수를 위해, 당신은 마족의 목적을 무산시키기 위해 파괴해야합니다{nl}숲 깊이 들어가기 위해 지금은 파우피스 나루로 향해야 합니다				
QUEST_LV_0500_20210125_000698	女神ラダはマティネスの回収のため、啓示者であるあなたは魔族の野望を阻止するため、マティネス貯蔵所を探し破壊しなければなりません。{nl}森の深くに進むため、今はパウフィスの渡し場に向かう必要があります。	머티니스 저장소를 찾아 라다 여신은 머티니스의 회수를 위해, 당신은 마족의 목적을 무산시키기 위해 파괴해야 합니다{nl}숲 깊이 들어가기 위해 지금은 파우피스 나루로 향해야 합니다				
QUEST_LV_0500_20210125_000699	ダルバススマッシャー討伐	다르바스 스매셔 처치				
QUEST_LV_0500_20210125_000700	パウフィスの渡し場を占拠した勢力たち	파우피스 나루를 점거한 세력들				
QUEST_LV_0500_20210125_000701	パウフィスの渡し場で女神ラダに会う。	파우피스 나루에서 라다 여신을 만나기				
QUEST_LV_0500_20210125_000702	女神ラダは消えた注視者を追いました。{nl}森の更に奥深くに行ったはずなので、パウフィスの渡し場に向かい女神ラダに会ってください。	사라진 주시자를 라다 여신이 쫓아갔습니다{nl}숲의 더 깊은 곳으로 갔을 테니 파우피스 나루로 가서 라다 여신을 만나세요				
QUEST_LV_0500_20210125_000703	女神ラダと話する。	라다 여신과 이야기하기				
QUEST_LV_0500_20210125_000704	パウフィスの渡し場では魔族たちがお互い対地状態です。{nl}女神ラダと会話してください。	파우피스 나루에는 마족들끼리 서로 대치 중입니다{nl}라다 여신과 이야기하세요				
QUEST_LV_0500_20210125_000705	パウフィスの渡し場の状況を女神ラダから聞きました。{nl}今後それぞれやるべきことが何なのか、女神ラダと話し合ってください。	파우피스 나루의 상황을 라다 여신으로부터 들었습니다{nl}여기서부터 각자 할 일이 무엇일지 라다 여신과 이야기하세요				
QUEST_LV_0500_20210125_000706	人影のない津の渡りで魔族たちを討伐して上級者の証票を獲得する。	인적없는 나루터에서 마족들을 처치하고 상급자의 증표 획득하기				
QUEST_LV_0500_20210125_000707	裏で糸を引いてカルタスの部下を動かしている存在が誰か確認しなければなりません。{nl}ビブリオテーケーキーパーを討伐して彼らが持っている上級者の証票を回収してください。	카르타스의 부하를 움직이는 존재가 누구인지 확인해야 합니다{nl}비블리오테카 키퍼를 처치하고 그들이 가지고 있는 상급자의 증표를 회수하세요				
QUEST_LV_0500_20210125_000708	ビブリオテーケーキーパーを討伐して上級者の証票獲得。	비블리오테카 키퍼를 처치하고 상급자의 증표 획득				
QUEST_LV_0500_20210125_000709	ファスラブ隠居地で魔族たちを討伐して上級者の証票を獲得する。	파슬랍 은거지에서 마족들을 처치하고 상급자의 징표를 얻기				
QUEST_LV_0500_20210125_000710	人影のない津の渡りで魔族たちを討伐して上級者の証票を集めました。{nl}ファスラブ隠居地を占拠している魔族たちを討伐してファスラブ隠居地の魔族たちから上級者の証票を集めてください。	인적 없는 나루터에서 마족들을 처치하고 상급자의 징표를 모았습니다{nl}파슬랍 은거지를 점거하고 있는 마족들을 처치하고 파슬랍 은거지 마족들의 상급자 징표를 모으세요				
QUEST_LV_0500_20210125_000711	ファスラブ隠居地に来た女神ラダと話してください。	파슬랍 은거지로 온 라다 여신과 이야기하세요				
QUEST_LV_0500_20210125_000712	二つの勢力の上級者の証票を十分に集めました。{nl}ファスラブ隠居地にちょうど到着した女神ラダと話してください。	두 세력의 상급자 징표를 충분히 모았습니다{nl}마침 파슬랍 은거지로 온 라다 여신과 이야기하세요				
QUEST_LV_0500_20210125_000713	ヴィンメディスを討伐して上級者の証票獲得。	빈미디스를 처치하고 상급자의 징표 획득				
QUEST_LV_0500_20210125_000714	女神ラダから魔族たちを動かしているのはそれぞれ魔王ヴァイガと魔神ラガナであることを確認しました。{nl}女神ラダと会話を続けてください。	라다 여신으로부터 마족들을 움직이고 있는 건 각각 마왕 바이가와 마신 라가나임을 확인했습니다{nl}라다 여신과 계속 이야기하세요				
QUEST_LV_0500_20210125_000715	ロホンサの絶壁を調査する。	로혼사 절벽을 조사하기				
QUEST_LV_0500_20210125_000716	魔神ラガナと魔王ヴァイガがどのような目的をもっていたとしても、マティネスが魔族の手に入ることは阻止しなければなりません。{nl}できるだけ早くマティネス貯蔵所を探し出すため、パウフィスの渡し場を調査する必要があります。{nl}ロホンサの絶壁を調査してください。	라가나와 바이가가 어떤 목적이든 머티니스가 마족의 손에 넘어가는 건 막아야 할 일입니다{nl}서둘러 머티니스 저장소를 찾기 위해 파우피스 나루를 조사해야 합니다{nl}로혼사 절벽을 조사하세요				
QUEST_LV_0500_20210125_000717	女神ラダと魔神ラガナを追い監視塔に向かう。	라다 여신과 라가나를 쫓아 감시탑으로 가기				
QUEST_LV_0500_20210125_000718	魔神ラガナは消え、女神ラダは彼女を追うため先に立ち去りました。{nl}二人の気配が監視塔側で感じられるため、監視塔に向かいましょう。	라가나가 사라지자 라다 여신이 쫓기 위해 사라졌습니다{nl}둘의 기운이 감시탑 쪽으로 사라졌으니 감시탑으로 쫓아가야 합니다				
QUEST_LV_0500_20210125_000719	魔王ヴァイガと会話してください。	바이가와 대화하세요				
QUEST_LV_0500_20210125_000720	魔神ラガナと女神ラダを追いかけてきましたが、監視塔で会ったのは魔王ヴァイガでした。{nl}魔王ヴァイガが何故ここにいるかは分かりませんが少なくとも今の魔王ヴァイガが戦うつもりには見えません。{nl}魔王ヴァイガと話してみた方が良さそうです。	라가나와 라다 여신을 쫓아왔지만 감시탑에서 만난 건 다름아닌 마왕 바이가였습니다{nl}바이가가 왜 이곳에 있는지는 모르지만, 적어도 지금 바이가는 싸울 생각이 있어 보이지 않습니다{nl}바이가와 대화를 해보는 게 좋겠습니다				
QUEST_LV_0500_20210125_000721	魔神ラガナと女神ラダを追いかけてきましたが、監視塔で会ったのは魔王ヴァイガでした。{nl}魔王ヴァイガが何故ここにいるかは分かりませんが、少なくとも今の魔王ヴァイガが戦うつもりには見えません。{nl}魔王ヴァイガと話してみた方が良さそうです。	라가나와 라다 여신을 쫓아왔지만, 감시탑에서 만난 건 다름 아닌 마왕 바이가였습니다{nl}바이가가 왜 이곳에 있는지는 모르지만, 적어도 지금 바이가는 싸울 생각이 있어 보이지 않습니다{nl}바이가와 대화를 해보는 게 좋겠습니다				
QUEST_LV_0500_20210125_000722	監視塔の右側の道に向かい女神ラダを追いかける。	감시탑의 오른쪽 길로 라다 여신을 쫓아가기				
QUEST_LV_0500_20210125_000723	魔王ヴァイガは以前のようにあなたにもう一度交渉を提案しました。{nl}信頼することはできませんが、現段階で彼と敵対することはよい判断には見えません。{nl}今は女神ラダを探し出すことが優先です。	바이가는 당신에게 이전처럼 또다시 협상을 제안했습니다{nl}믿을 수 있는 건 아니지만, 현재로서는 그와 대적해서 좋을 게 없습니다{nl}지금은 라다 여신을 찾는 게 우선입니다				
QUEST_LV_0500_20210125_000724	女神ラダに魔王ヴァイガと話し合ったことを伝えてください。	라다 여신에게 바이가와 나누었던 이야기를 전하세요				
QUEST_LV_0500_20210125_000725	周辺のマティネスの亀裂を調査する。	근처의 머티니스의 균열을 조사하기				
QUEST_LV_0500_20210125_000726	女神ラダは魔神ラガナとの衝突以後、回復のための時間が必要と思われます。{nl}ちょうど採掘された跡が残っているマティネスの亀裂が付近にあります。{nl}手掛かりになりそうなものがあるか確認してください。	라다 여신은 라가나와의 충돌 이후 잠시동안 회복이 필요해 보입니다{nl}마침 근처에는 채굴한 흔적이 있는 머티니스 균열이 있습니다{nl}단서가 될만한 게 있는지 확인해 보세요				
QUEST_LV_0500_20210125_000727	女神ラダに戻り調査した結果を教える。	라다 여신에게 돌아가 조사한 결과를 알려주기				
QUEST_LV_0500_20210125_000728	周辺のマティネスの亀裂を調査した結果、マティネスを運んだ跡とその方向を確認すことができました。{nl}女神ラダに戻り調査結果を伝えてください。	근처의 머티니스 균열을 조사한 결과 머티니스를 옮긴 흔적과 그 방향을 알아냈습니다{nl}라다 여신에게 돌아가 조사 결과를 알려주세요				
QUEST_LV_0500_20210125_000729	女神ラダの状態について聞く。	라다 여신의 상태를 묻기				
QUEST_LV_0500_20210125_000730	周辺のマティネスの亀裂を調査したことにより、採掘されたマティネスがゴッドベース街道に向かったことが明確になりました。{nl}ここを立ち去る前に女神ラダの状態を確認してください。	주변 머티니스 균열 조사로 채굴된 머티니스가 갓베스 가도를 향해 갔다는 사실을 알아냈습니다{nl}자리를 뜨기 전에, 라다 여신의 상태를 확인하세요				
QUEST_LV_0500_20210125_000731	ゴッドベース街道のマティネスの亀裂調査	갓베스 가도의 머티니스 균열 조사				
QUEST_LV_0500_20210125_000732	女神ラダが回復するにはもう少し時間が必要です。{nl}しかし、時間の余裕がないため先にゴッドベース街道に向かうことにします。	라다 여신은 조금 더 회복할 시간이 필요합니다{nl}그러나 시간이 많지 않은 만큼 당신은 먼저 갓베스 가도로 향해야 합니다				
QUEST_LV_0500_20210125_000733	マティネスの亀裂を調査	머티니스 균열을 조사하기				
QUEST_LV_0500_20210125_000734	ゴッドベース街道での乱戦で無事勝利しました。{nl}マティネスの亀裂を調査してください。	갓베스 가도의 난전을 무사히 정리했습니다{nl}머티니스 균열을 조사하세요				
QUEST_LV_0500_20210125_000735	イサウゴティ森の入口で女神ラダと会う。	이사우고티 숲 입구에서 라다 여신을 만나기				
QUEST_LV_0500_20210125_000736	車輪の跡がイサウゴティ森の方向に向かっています。{nl}イサウゴティ森の入口で女神ラダに会いましょう。	수레의 바퀴 자국이 이사우고티 숲을 향하고 있습니다{nl}이사우고티 숲 입구에서 라다 여신을 만나세요				
QUEST_LV_0500_20210125_000737	ライマの聖域で女神ラダに会う。	라이마의 성소에서 라다 여신을 만나기				
QUEST_LV_0500_20210125_000738	魔神ラガナと戦闘を行った女神ラダ、そして今まで戦闘を繰り返してきた啓示者は、体制を整えるための休憩が必要だと判断しました。{nl}安全なライマの聖域に戻り女神ラダを訪ねてください。	계속된 전투로 당신은 물론, 라가나와의 전투를 겪은 라다 여신은 재정비가 필요하다고 판단했습니다{nl}안전한 라이마의 성소로 돌아가 라다 여신을 찾으세요				
QUEST_LV_0500_20210125_000739	Episode13地域で変異型モンスター2000匹討伐	Episode13 지역에서 변이형 몬스터 2000마리 처치				
QUEST_LV_0500_20210125_000740	Episdoe13地域の変異型モンスター討伐	Episdoe13 지역의 변이형 몬스터 처치				
QUEST_LV_0500_20210125_000741	Episode13地域で昆虫、悪魔、植物型モンスター2000匹討伐	Episode13 지역에서 곤충, 악마, 식물형 몬스터 2000마리 처치				
QUEST_LV_0500_20210125_000742	Episode13地域の昆虫、悪魔、植物型モンスター討伐	Episode13 지역의 곤충, 악마, 식물형 몬스터 처치				
QUEST_LV_0500_20210125_000743	Episode13地域で野獣型モンスター2000匹討伐	Episode13 지역에서 야수형 몬스터 2000마리 처치				
QUEST_LV_0500_20210125_000744	Episode13地域の野獣型モンスター討伐	Episode13 지역의 야수형 몬스터 처치				
QUEST_LV_0500_20210125_000745	Episode13地域で大型モンスター3000匹討伐	Episode13 지역에서 대형 몬스터 3000마리 처치				
QUEST_LV_0500_20210125_000746	Episode13地域の大型モンスター討伐	Episode13 지역의 대형 몬스터 처치				
QUEST_LV_0500_20210125_000747	Episode13地域で中型モンスター3000匹討伐	Episode13 지역에서 중형 몬스터 3000마리 처치				
QUEST_LV_0500_20210125_000748	Episode13地域の中型モンスター討伐	Episode13 지역의 중형 몬스터 처치				
QUEST_LV_0500_20210125_000749	Episode13地域で小型モンスター3000匹討伐	Episode13 지역에서 소형 몬스터 3000마리 처치				
QUEST_LV_0500_20210125_000750	Episode13地域の小型モンスター討伐	Episode13 지역의 소형 몬스터 처치				
QUEST_LV_0500_20210125_000751	Episode13地域でモンスター8000匹討伐	Episode13 지역에서 몬스터 8000마리 처치				
QUEST_LV_0500_20210125_000752	Episode13地域のモンスター討伐	Episode13 지역의 몬스터 처치				
QUEST_LV_0500_20210125_000753	ヴェルニケの破片ダンジョン50階層以上クリア	베르니케 파편 던전 50층 이상 클리어				
QUEST_LV_0500_20210125_000754	アシスターダンジョン6区間以上クリア	어시스터 던전 6구간 이상 클리어				
QUEST_LV_0500_20210125_000755	1人レイドクリア	1인 레이드 클리어				
QUEST_LV_0500_20210125_000756	レジェンドレイド10回クリア	레전드 레이드 10회 클리어				
QUEST_LV_0500_20210125_000757	週間ボスレイド累積ダメージ5億以上達成	주간 보스 레이드 누적 대미지 5억 이상 달성				
QUEST_LV_0500_20210125_000758	協同戦 2回参加	협동전 2회 참가				
QUEST_LV_0500_20210125_000759	レベルダンジョン10回クリア	레벨 던전 10회 클리어				
QUEST_LV_0500_20210125_000760	チャレンジモード3段以上で30回クリア{nl}自動マッチングは第3区域で行うことができます。	챌린지 모드 3단 이상으로 30회 클리어{nl}자동 매칭은 제 3구역에서 진행할 수 있습니다.				
QUEST_LV_0500_20210125_000761	チャレンジモード：分裂特異点3段以上、自動マッチング10回クリア	챌린지 모드 : 분열 특이점 3단 이상, 자동 매칭 10회 클리어				
QUEST_LV_0500_20210125_000762	レンパリサ池の一般フィールドでモンスター200匹討伐	렘파라사 연못의 일반 필드에서 몬스터 200마리 처치				
QUEST_LV_0500_20210125_000763	重ね橋の森の一般フィールドでモンスター200匹討伐	덧댄다리 숲의 일반 필드에서 몬스터 200마리 처치				
QUEST_LV_0500_20210125_000764	パウフィスの渡し場の一般フィールドでモンスター200匹討伐	파우피스 나루의 일반 필드에서 몬스터 200마리 처치				
QUEST_LV_0500_20210125_000765	パウフィスの渡し場のモンスター討伐	파우피스 나루의 몬스터 처치				
QUEST_LV_0500_20210125_000766	イサウゴティ森の一般フィールドでモンスター200匹討伐	이사우고티 숲의 일반 필드에서 몬스터 200마리 처치				
QUEST_LV_0500_20210125_000767	イサウゴティ森のモンスター討伐	이사우고티 숲의 몬스터 처치				
QUEST_LV_0500_20210125_000768	キルティマス森の一般フィールドでモンスター200匹討伐	키르티마스 숲의 일반 필드에서 몬스터 200마리 처치				
QUEST_LV_0500_20210125_000769	キルティマス森のモンスター討伐	키르티마스 숲의 몬스터 처치				
QUEST_LV_0500_20210125_000770	レンパリサ池の一般フィールドでモンスターを討伐して副産物50獲得	렘파라사 연못의 일반 필드에서 몬스터를 처치하고 부산물 50 획득				
QUEST_LV_0500_20210125_000771	レンパリサ池のモンスターを討伐したあとリープスナの組織回収	렘파라사 연못의 몬스터 처치 후 리프스나의 조직 회수				
QUEST_LV_0500_20210125_000772	重ね橋の森の一般フィールドでモンスターを討伐して副産物50獲得	덧댄다리 숲의 일반 필드에서 몬스터를 처치하고 부산물 50 획득				
QUEST_LV_0500_20210125_000773	重ね橋の森のモンスター を討伐したあとダルバスの補給品回収	덧댄다리 숲의 몬스터 처치 후 다르바스의 보급품 회수				
QUEST_LV_0500_20210125_000774	パウフィスの渡し場の一般フィールドでモンスターを討伐して副産物50獲得	파우피스 나루의 일반 필드에서 몬스터를 처치하고 부산물 50 획득				
QUEST_LV_0500_20210125_000775	パウフィスの渡し場のモンスターを討伐したあとに魔族の血回収	파우피스 나루의 몬스터 처치 후 마족의 피 회수				
QUEST_LV_0500_20210125_000776	イサウゴティ森の一般フィールドでモンスターを討伐して副産物50獲得	이사우고티 숲의 일반 필드에서 몬스터를 처치하고 부산물 50 획득				
QUEST_LV_0500_20210125_000777	イサウゴティ森のモンスター 討伐後にソゴマスの魂回収	이사우고티 숲의 몬스터 처치 후 소거마스의 영혼 회수				
QUEST_LV_0500_20210125_000778	キルティマス森の一般フィールドでモンスターを討伐して副産物50獲得	키르티마스 숲의 일반 필드에서 몬스터를 처치하고 부산물 50 획득				
QUEST_LV_0500_20210125_000779	キルティマス森のモンスター討伐後に破片回収	키르티마스 숲의 몬스터 처치 후 파편 회수				
QUEST_LV_0500_20210125_000780	Episode13地域でモンスター60000匹討伐	Episode13 지역에서 몬스터 60000마리 처치				
QUEST_LV_0500_20210125_000781	レジェンドレイド50回クリア	레전드 레이드 50회 클리어				
QUEST_LV_0500_20210125_000782	チャレンジモード3段以上で250回クリア{nl}自動マッチングは第3区域で行うことができます。	챌린지 모드 3단 이상으로 250회 클리어{nl}자동 매칭은 제 3구역에서 진행할 수 있습니다.				
QUEST_LV_0500_20210125_000783	オルシャ領主イネッサ・ヘモンデールに助けを求めてみましょう。	오르샤 영주 이네사 해먼데일에게 도움을 요청해 봅시다				
QUEST_LV_0500_20210125_000784	イネッサ・ヘモンデールに協力してもらえるように頼んでみてください。	이네사 해먼데일에게 도움을 요청해보세요				
QUEST_LV_0500_20210125_000785	イネッサ・ヘモンデールから支援物品を受け取ってください。	이네사 해먼데일이 지원해주는 물품을 받으세요				
QUEST_LV_0500_20210125_000786	マティネス貯蔵所を探す。	머티니스 저장소 찾기				
QUEST_LV_0500_20210125_000787	イサウゴティ森に移動してマティネスが保管された場所を探してみましょう。	이사우고티 숲으로 이동하여 머티니스가 저장된 곳을 찾아봅시다				
QUEST_LV_0500_20210125_000788	貯蔵所から撤退する。	저장소에서 물러나기				
QUEST_LV_0500_20210125_000789	貯蔵所と思われる場所を探しましたが、敵が多すぎるので今は一時撤退する他ありません。	저장소로 보이는 곳을 찾았지만 적들이 너무 많으니 물러나야 합니다				
QUEST_LV_0500_20210125_000790	魔族たちをおびき寄せるために適した場所を探す。	마족들을 유인하기 적합한 장소 찾기				
QUEST_LV_0500_20210125_000791	女神ラダの計画通り魔族たちをおびき寄せれるような適した場所を探してください。	라다 여신의 계획대로 마족들을 유인하기 적합한 장소를 찾아보세요				
QUEST_LV_0500_20210125_000792	魔族たちをおびき寄せるために適した場所を調査する。	마족들을 유인하기 적합한 장소 조사하기				
QUEST_LV_0500_20210125_000793	魔神ラガナと魔王ヴァイガ勢力の魔族をおびき寄せるに適した場所を探してください。	라가나와 바이가 세력의 마족을 유인하기에 적합한 장소를 찾아보세요				
QUEST_LV_0500_20210125_000794	最後の場所を確認	마지막 조사 장소 확인하기				
QUEST_LV_0500_20210125_000795	最後の場所が適切か確認してください。	마지막 장소가 적합한지 확인하세요				
QUEST_LV_0500_20210125_000796	女神ラダと会話して次の計画を進めてください。	라다 여신과 대화하여 다음 계획을 진행하세요				
QUEST_LV_0500_20210125_000797	魔神ラガナの勢力に偽りの情報伝達	라가나 세력에게 거짓 정보 전달				
QUEST_LV_0500_20210125_000798	魔神ラガナの直属部下と思われる魔族に偽りの情報を伝え、魔神ラガナを騙してください。	라가나의 직속 부하로 보이는 마족에게 거짓 정보를 전달하여 라가나를 속이세요				
QUEST_LV_0500_20210125_000799	魔神ラガナの伝令に偽りの情報を伝えました。	라가나의 전령에게 거짓 정보를 전달하였습니다				
QUEST_LV_0500_20210125_000800	魔王ヴァイガの伝令と会話	바이가의 전령과 대화				
QUEST_LV_0500_20210125_000801	魔王ヴァイガの直属部下と思われる魔族に偽りの情報を伝えてください。	바이가의 직속 부하로 보이는 마족에게 거짓 정보를 전달하세요				
QUEST_LV_0500_20210125_000802	魔王ヴァイガの勢力に偽りの情報伝達	바이가의 세력에게 거짓 정보 전달				
QUEST_LV_0500_20210125_000803	魔王ヴァイガの伝令に偽りの情報を伝えました。	바이가의 전령에게 거짓 정보를 전달하였습니다.				
QUEST_LV_0500_20210125_000804	女神ラダに偽りの情報を無事伝達したと伝えてください。	라다 여신에게 거짓 정보를 무사히 넘겼음을 알리세요				
QUEST_LV_0500_20210125_000805	マティネス貯蔵所の付近に行く	머티니스 저장소 근처로 가기				
QUEST_LV_0500_20210125_000806	魔族たちが偽りの情報に騙されたか確認してみましょう。	마족들이 거짓 정보에 속았는지 확인해봅시다				
QUEST_LV_0500_20210125_000807	マティネス貯蔵所を調べる	머티니스 저장소 살펴보기				
QUEST_LV_0500_20210125_000808	無事侵入することができたようです。{nl}保管されたマティネスがどこにあるか調べてみましょう。	무사히 침투한 것 같습니다.{nl}저장된 머티니스가 어디에 있는지 살펴봅시다				
QUEST_LV_0500_20210125_000809	残りの魔族警備兵の倒す	남아있는 마족 경비병 처치하기				
QUEST_LV_0500_20210125_000810	マティネス貯蔵所を調査して爆弾を設置するべき場所を探してください。	머티니스 저장소를 살펴보고 폭탄을 설치하기 적당한 곳을 찾으세요				
QUEST_LV_0500_20210125_000811	マティネス貯蔵所に爆弾を設置	머티니스 저장소에 폭탄 설치하기				
QUEST_LV_0500_20210125_000812	その間に採掘されたマティネスが積み重なった場所に爆弾を設置してください。	그동안 채굴한 머티니스가 쌓인 곳에 폭탄을 설치하세요				
QUEST_LV_0500_20210125_000813	爆弾を残らず設置	폭탄을 마저 설치하기				
QUEST_LV_0500_20210125_000814	爆弾を残らず設置しましょう。	폭탄을 마저 설치합시다				
QUEST_LV_0500_20210125_000815	爆弾設置を邪魔するソゴマス執行者を倒す	폭탄 설치를 방해하는 소거마스 집행자 처치하기				
QUEST_LV_0500_20210125_000816	この場所から離れる	자리 벗어나기				
QUEST_LV_0500_20210125_000817	爆発の影響から逃れるため遠くに離れてください。	폭발의 영향에서 벗어나기 위해 멀리 떨어지세요				
QUEST_LV_0500_20210125_000818	爆弾を作動させる	폭탄 작동시키기				
QUEST_LV_0500_20210125_000819	この程度離れれば安全だと思われるので爆弾を遠隔操作スクロールで爆発させましょう。	이 정도면 안전한 것 같으니 폭탄을 원격 조작 스크롤로 폭파시킵시다				
QUEST_LV_0500_20210125_000820	爆弾が問題なく爆発したようです。	폭탄이 무사히 터진 것 같습니다				
QUEST_LV_0500_20210125_000821	マティネスを調べる	머티니스 살펴보기				
QUEST_LV_0500_20210125_000822	爆弾がマティネスを完璧に吹き飛ばしたか確認してください。	폭탄이 머티니스를 완벽하게 제거하였는지 살펴봅시다				
QUEST_LV_0500_20210125_000823	注視者の攻撃から逃げる	주시자의 공격으로부터 도망치기				
QUEST_LV_0500_20210125_000824	憤怒した注視者の攻撃から逃げてください。	분노한 주시자의 공격으로부터 도망치세요				
QUEST_LV_0500_20210125_000825	待っていた存在と会話	기다리고 있는 존재와 대화				
QUEST_LV_0500_20210125_000826	逃げた場所に誰かが待っているようです。	도망친 곳에 누군가가 기다리고 있는 것 같습니다				
QUEST_LV_0500_20210125_000827	魔神ラガナと会話	라가나와 대화				
QUEST_LV_0500_20210125_000828	魔神ラガナと会話してください。	라가나와 대화하세요				
QUEST_LV_0500_20210125_000829	注視者から逃げる	주시자에게서 도망치기				
QUEST_LV_0500_20210125_000830	注視者の攻撃から逃れてください。	주시자의 공격으로부터 도망치세요				
QUEST_LV_0500_20210125_000831	待っている存在を確認	기다리고 있는 존재 확인				
QUEST_LV_0500_20210125_000832	誰かが待っているようです。	누군가가 기다리고 있는 것 같습니다				
QUEST_LV_0500_20210125_000833	魔王ヴァイガと会話する	바이가와 대화				
QUEST_LV_0500_20210125_000834	魔王ヴァイガがあなたを待っています。	바이가가 당신을 기다리고 있습니다				
QUEST_LV_0500_20210125_000835	女神ラダに報告	라다 여신에게 보고				
QUEST_LV_0500_20210125_000836	魔神バウバスと会ったことを女神ラダに報告しましょう。	마신 바우바스와 만난 사실을 라다 여신에게 보고합시다				
QUEST_LV_0500_20210125_000837	女神ラダに経験したことを説明してください。	라다 여신에게 겪었던 일을 설명하세요				
QUEST_LV_0500_20210125_000838	オルシャ領主イネッサ・ヘモンデールに状況を伝えてください。	오르샤 영주 이네사 해먼데일에게 상황을 전달하세요				
QUEST_LV_0500_20210125_000839	女神ラダに戻りましょう。	라다 여신에게 돌아갑시다.				
QUEST_LV_0500_20210125_000840	女神ラダに今後の旅程について聞いてください。	라다 여신에게 앞으로의 여정에 대해 물어보세요				
QUEST_LV_0500_20210125_000841	女神ラダに戻ってください。	라다 여신에게 돌아가세요				
QUEST_LV_0500_20210125_000842	王国再建団オルシャ担当者と会う	왕국 재건단 오르샤 담당인과 만나기				
QUEST_LV_0500_20210125_000843	神樹の日に王国を始めとして世界が災難の被害で崩れた今でも、世界のあちこちでは希望を捨てずに努力している人々がいます。{nl}王国再建団は、姿を消した女神たちに依存せず、人間自らの力で王国をもう一度復興させることを望む人たちが集まって作られた組織です。{nl}既に王国再建団の団員たちは既に世界中に散らばり、王国の再建のため献身しています。{nl}彼らの話を聞くためオルシャの王国再建団担当者と会ってください。	신수의 날로 왕국을 비롯한 세계가 재앙의 피해로 무너진 지금, 세계 곳곳에는 다시 희망을 갖고 움직이는 사람들이 있습니다{nl}왕국 재건단은 사라진 여신들에 의지 하지 않고, 인간 스스로의 힘으로 다시 왕국이 부흥하기를 바라는 사람들이 모여 만들어졌습니다{nl}이미 세계 곳곳에는 왕국 재건단의 단원들이 흩어져 왕국 재건에 헌신하고 있습니다.{nl}그들의 이야기를 들어보기 위해 오르샤의 왕국 재건단 담당인과 만나세요				
QUEST_LV_0500_20210524_000844	女神ラダが、わざと祝福を落としていったようだ{nl}祝福を使ってモルコス農場で魔力の根源地を探してみよう	라다 여신이 일부러 축복을 흘려둔 것 같다{nl}축복을 이용해 모르꼬스 농장에서 마력의 근원지를 찾아보자				PC